"","BNC","Bog_T0","III_Bog_N1","III_Bog_N2","II_Bog_N1","II_Bog_N2","I_Bog_N1","I_Bog_N2"
"FT001",4281246.88935381,1447325.27366832,1964508.51372364,1755048.59208034,1470807.68837952,1568534.90859415,1699757.54647559,1584472.43801574
"FT002",1802814.61813211,0,0,0,0,0,0,0
"FT003",1245197.74442708,40961.8530449667,115206.476595741,75536.6259158608,44075.0556304153,65364.9195085753,38817.2077440212,81496.2705636186
"FT004",5079142.68734617,524479.578022351,1647060.84933674,935217.349679575,1169840.2575404,1296816.82062207,1170790.73027301,1407095.44485851
"FT005",11004893.4929194,3833.11406023403,2443.15314007101,4821.49659876597,6159.00499907308,5007.68318680994,2887.44460324518,0
"FT006",3083859.94528246,215894.826776976,372624.503149414,229155.239772859,190997.750653584,261859.702862336,168389.71159916,290159.11162359
"FT007",2565895.91781247,0,1611.09512945407,0,0,382.442005714297,0,574.780700638771
"FT008",44548306.8599836,370797.555252248,842139.64320358,427893.567718328,118643.85205371,496719.708732252,236827.362531136,582163.0827388
"FT009",1283419.12522839,0,0,0,0,0,0,0
"FT010",8446639.14919092,63537.3345159843,159195.733879173,76556.8228231171,17691.0968783466,89057.1230278799,43857.1412369724,112246.447330255
"FT011",15783627.803762,283173.900318419,995691.033606453,379839.413314751,136190.695128637,425975.500330894,259190.276343663,542486.103139296
"FT012",3193943.2593164,7480.02244791078,24090.9344487572,10655.8072428688,6686.71836628311,12305.7387276419,6542.961534388,15105.1044096912
"FT013",11352382.6213542,1046844.6936438,2664591.21723634,2117059.98005324,1396329.55833734,1645036.27305664,1751934.81305138,1794276.54164064
"FT014",1387938.24344199,682123.709206433,1194504.99328124,1176249.99462305,1697146.56864259,1385782.02753907,2212689.59662174,2006149.45847244
"FT015",4229177.08950005,10903.6709862146,55269.0642839379,13010.8261583898,6632.95524441763,19545.5638442148,165038.845921573,79322.3747787696
"FT016",2423673.87174879,20886.4355080337,55228.2140695277,25709.1075720271,15409.2126108158,29113.1124997773,40512.1043438069,50735.6394239052
"FT017",27096838.7415364,88804.7678528218,430391.752151418,141999.621227124,68433.4722690593,165361.477999786,195336.129069618,222697.278944422
"FT018",4190630.61579239,1551.80614271112,19058.4025340802,6395.53246810783,430.433498795348,4282.06737676409,8834.86792386099,9756.06371710055
"FT019",8443675.02148438,44756.0857196236,486147.35624662,165097.244004873,128213.64286055,310977.202975744,255971.724933839,368795.53817393
"FT020",3267114.45161329,6368111.70871096,5980728.62707033,6678420.3543442,6914594.0628831,6966181.87033315,7344092.83608647,7315212.64980043
"FT021",6801065.50449224,50240.3788027042,97476.64211728,60118.3657846412,32086.2274453621,45839.105063627,91081.9813742103,40219.4843402017
"FT022",1393463.34194745,8126.54050828239,10008.269056808,7441.09336212493,1531.49747237874,5465.6663687063,8294.1212909156,682.914999633202
"FT023",21957121.2470192,16964.5614972074,13444.502879902,11731.8858397777,0,6851.14019301289,15964.8859456435,6119.31828511791
"FT024",4887929.49095553,1130.84761148481,2431.3882017825,1755.45019828025,0,0,654.290005287355,0
"FT025",1530355.99370538,7227.67236776132,19473.0374252419,7266.6868046324,3226.94425551781,13915.1011695661,4642.08508986908,8049.29625116366
"FT026",4498895.87602763,69263.1543860426,464259.061452371,150096.307229189,102641.008818653,164860.586267528,248860.792370171,328142.188067262
"FT027",17673330.461268,18208634.1183268,21470683.1000719,31705880.7567114,14221405.5427381,14370058.1076922,18647917.4798439,17142666.5815626
"FT028",5132676.12535454,2409210.2455416,4403928.52795216,2060152.78595053,2859339.11704837,2875688.47897393,2757425.9007402,3321507.48875003
"FT029",8444441.68865515,645550.380701433,3185304.72222439,1276763.90945949,875510.340527008,1440342.93815281,1833613.76558015,2244168.46214885
"FT030",24599229.9136153,516965.525252666,1781333.68802796,238884.907196292,146657.204739864,3787895.64867471,3440136.78749245,1820522.7600789
"FT031",3197666.72637868,22437.6216496784,83006.0386875109,31448.2828357652,17370.4662853981,35403.6597263589,20847.7594199644,31503.6421544757
"FT032",1064255.0878125,1645302.0133545,3648107.57420489,6407518.16595427,5374540.05670955,5777445.52011891,6545537.09758999,6137102.05372618
"FT033",6120941.63338732,442814.061684598,955476.381820711,424633.868336155,348850.811844688,599781.891912504,1414084.2392204,1203269.90481923
"FT034",15658483.7105859,1798018.43940263,6187524.65690427,3285294.81035588,1289700.53417971,2320463.13513223,5647258.79694822,4285335.3570395
"FT035",126471460.260701,1455128.59988891,6783458.3827076,2951032.02915726,1708227.44418917,3505749.46653275,5658457.20105035,6452319.069385
"FT036",23631612.5121961,298978.640896544,1373981.45602734,609458.770355246,317300.831917362,706099.773156456,1231943.98066192,1350517.4496845
"FT037",2703698.43755856,3165562.18660715,1070709.31889498,1442705.06901017,806116.065316977,584352.603160563,10323179.5871423,2071120.00552965
"FT038",32577962.8943507,3678599.95670006,10735228.1230871,3789119.93708262,2015423.44568868,5181271.73374475,6488697.31649992,7017494.8978582
"FT039",868923.920247586,3207557.89036057,4947541.80271578,4049751.53650244,2957943.04942802,2018151.52182616,8945516.13122598,4026123.98418668
"FT040",6444478.10467469,853053.849057752,2779895.8258353,1285788.37067162,624008.909116704,1266147.52250169,1535422.55841604,1683702.7299603
"FT041",2337129.62166667,1971.82804358387,114939.280018431,63855.5574489057,32066.5192796099,72124.2582429875,75702.6819059656,133645.927652245
"FT042",139173.296460692,1304378.61385671,1614387.83369142,2001494.16554508,1376820.82481795,1028333.84869118,2725338.06197918,1412580.62753683
"FT043",3992774.29255938,0,1976.30726101795,0,0,0,0,0
"FT044",2206789.5844922,0,0,0,0,0,0,0
"FT045",7742653.63351346,34998.2533641083,0,0,559574.737702563,8427291.38249998,10150.7516724419,34042.5636155661
"FT046",16657369.8338408,13556763.5516637,542168.048506161,1346915.27935974,737294.806703554,1137099.22734846,1382180.46998773,1375788.68883006
"FT047",9445946.81151979,99929.7884377373,828563.962109296,348723.712973954,188655.509853654,353690.67033805,470115.021401566,570116.761411618
"FT048",2994822.27269804,1462240.44582315,80691.8104705616,202857.946705947,106718.003560746,55887.1805413372,207863.429711598,186181.210950876
"FT049",1484929.80675,323215.833437284,614656.958510975,385114.277851862,330660.235705451,411585.084602197,226771.979316651,365114.699784731
"FT050",28346119.5257034,7009.43383768349,2236152.85314479,2347011.60572924,5725095.2165032,5091515.84344104,7016316.12643028,6791050.05389922
"FT051",8168589.96064418,0,118893.845747411,100077.176995214,318093.097099645,418568.049460277,392142.59369716,670909.147510459
"FT052",5038791.87674633,12589.8775294189,286372.608328833,121155.425996135,64386.5081803284,184624.838575159,360225.238420407,594421.863498634
"FT053",1980538.23819663,81771.1684611627,399853.66855342,197684.264256234,185713.785707004,250854.492552274,236007.767503325,390301.516337948
"FT054",1574265.79748609,153141.494827241,127189.224794412,158952.156530143,63657.0734777993,295266.835412024,80834.8455415411,61960.8841951969
"FT055",2646630.94586664,2276777.99900241,2580451.879425,3283662.71233979,1496443.0246161,4412322.7013452,187885.735583635,47404.8864402983
"FT056",5709694.94466287,0,1438241.58468297,1285762.75359403,1267643.30391783,1259102.51351855,1009294.48039916,1188415.59821084
"FT057",1963713.40237381,328622.491998196,706505.071472534,409446.20078354,475047.662456237,742721.448839646,454246.680098972,550575.867016943
"FT058",3493340.07136719,46070.5197509482,89514.2143466614,83132.4759815609,28639.8234589174,56822.240864316,116613.013828985,139178.752809813
"FT059",2446249.57805742,114252.026253376,92240.7226708032,70035.2202331597,356057.095196368,194026.4142387,150738.300743608,177063.541629218
"FT060",2606464.01828616,22557.4415528505,65423.4114983031,38778.1781721716,33343.3681770706,44084.035906866,65167.53586958,71201.6264992965
"FT061",3361826.48677885,40000.6722191543,225975.555899118,108053.684533083,64289.0254020915,86050.0855460556,177847.973508663,187705.985234259
"FT062",7669462.24623436,14082.2219235263,7510.34643430999,24770.0760766741,0,7380.55532116904,66380.9204299636,189409.537939192
"FT063",1301134.02851206,0,0,878.246378138496,0,0,6461.42180958112,38727.3831570142
"FT064",293130.683894601,358961.725947235,355314.368892808,862206.870837352,9793489.81239185,1729909.9812378,4632715.2317627,2089020.46929442
"FT065",2628641.30391112,15705.3746564438,40789.8956292902,24476.0623312275,11052.1290546526,25185.5925836977,10475.5045862965,30603.4410849074
"FT066",3140048.25169793,86318.2499845503,342993.665178451,222686.805253636,293662.266613566,509524.042461617,295591.528165827,327254.452115178
"FT067",2504181.98621876,422792.684454719,37320.6770203392,27901.0148597917,20411.3264742518,269741.003189786,116736.265224239,68090.0373515775
"FT068",4355904.68896945,0,2818.40202711887,2914.27101454059,0,1842.65217085753,18553.44268545,61014.3198549683
"FT069",3737006.91925915,4157127.44213002,5065474.18214732,6373659.91624581,3108534.43041591,32828329.8977268,1996578.04828331,1413730.79224078
"FT070",4595259.9997925,105402.159463816,208335.311920509,144276.465970246,144780.719519116,172366.444673538,253725.160337402,220096.248825982
"FT071",62620209.6656642,26152510.0918414,32079731.8462498,21906133.2254779,16420250.8296568,18977282.0292857,20173818.6895899,18233773.1331381
"FT072",15707880.286134,5447630.421875,7547142.96875,4931887.99685059,3907018.30841308,4372249.92578683,4950273.02488824,4042304.62547432
"FT073",3590477.0176789,710498.081709656,226718.318316388,234649.611011856,337594.583968572,327826.698550036,798380.461669272,346789.726860745
"FT074",826211.7382592,3294219.19508663,62926.1281914433,68601.4541707236,83268.5255713443,78727.0633217026,72238.6062280582,83240.5719541532
"FT075",3052516.56946113,713944.90620481,13866.3836056688,68482.1699691281,18356.9612175689,35337.1780536656,54379.0899736645,52583.3565815816
"FT076",5919969.32243587,129743.775870558,182125.403805755,196810.263067051,131429.927427299,231334.079269405,88066.0609109212,120830.835047978
"FT077",8283728.06195831,0,6367.44902581613,0,0,3425.45906385959,4350.19359013779,16268.0561842097
"FT078",3512440.6291748,2481626.5589635,1883580.56358838,1411907.17464287,1833645.99405133,1903880.33412514,1518122.89303977,1625142.57920373
"FT079",9864962.70974583,180685.657061917,172078.697657942,242679.439135828,134260.688332155,138272.035159509,137597.85496848,92483.9388624668
"FT080",1978602.24297538,2235500.10212313,4210148.95327907,3739742.92609988,6840625.47864586,9294251.07524493,8835308.7448897,4401471.28137462
"FT081",1904674.2050308,23903.9843782529,4062.78115511018,38820.9075217144,3806.18448307941,10542.1195016378,11870.0527626133,0
"FT082",1970397.363109,70348.3304097841,313095.472043508,141757.853782215,273986.651957159,264334.119139099,114930.871243552,209409.329699456
"FT083",5122739.83579896,7832220.54268801,6747767.45854493,4188274.27904585,1628626.15092189,1905843.63222656,1016570.78874999,1716791.95289193
"FT084",1102483.00510035,1536372.65625,1584717.53669334,901277.858947094,488076.779169325,717104.798705697,568779.234487244,384724.619569521
"FT085",4216417.52164391,135105.710491399,114594.613473851,133362.406820965,26925.2976659309,225612.016499444,93380.0852315698,111619.357423011
"FT086",326316.398314492,320470.574775289,6240511.78754111,7933198.30035682,8063735.60060191,7911601.01668032,7689821.40859031,6613605.28450612
"FT087",4773212.23240898,160170.888756963,150623.798805832,186991.376093076,104692.896761765,111733.455057337,162691.751671579,196000.875759508
"FT088",9732419.88524002,254052.504835994,412182.58962485,507232.476678542,297007.338488895,302473.785339502,174975.434669059,229694.435129977
"FT089",2148216.64127197,55800.8661875221,86057.9739969706,115044.058083457,61413.5760494681,57083.2795662669,41201.0226438619,51163.2505923355
"FT090",1726688.14585447,509.299270838421,1949.97042518653,0,0,1685.83960841375,0,0
"FT091",2114624.40582142,386988.745551118,178402.763812211,83434.0517256695,70985.3112887107,49801.4292117899,87813.007051525,66988.1609955351
"FT092",2441167.32487988,102828.956509202,66387.1314061593,52152.5941449361,67148.9424438142,65526.9073962169,58913.2568881191,81223.8886129983
"FT093",4932476.4865637,1008535.99878624,1249579.32103946,1408476.34087369,926330.121087589,39191478.7452231,1825264.42008056,1287034.94736979
"FT094",3187748.80830981,98787.4830406394,335382.114939103,152847.8876649,265565.323828084,252806.296136811,262822.660044006,320013.797325078
"FT095",3228018.26129297,0,56775.8409457908,61654.6629845217,69141.0230353788,158298.862892491,101838.296311714,134329.5702056
"FT096",1705012.79111819,56497.9022058609,161548.289380261,121250.723562247,68574.701158857,98299.2335080517,86973.1420735762,131880.057803996
"FT097",1970165.57456206,0,0,0,0,0,0,1555.15348300318
"FT098",140436.116981632,2276735.64254298,1653253.47950406,1348004.26958173,1537036.72062285,1334207.97483778,1042208.3689959,1048106.8345334
"FT099",38101173.4671094,4184.65172882096,2194990.10455154,2813874.14455986,3472607.51208314,4881724.77031251,4547148.35538029,5442084.07216798
"FT100",10301351.5562421,0,533281.867017956,601606.010908949,703983.544658388,1430586.37523381,1180254.61005952,1443803.67680553
"FT101",2153112.16821183,0,0,0,0,0,0,0
"FT102",1559846.68756513,117755.144818874,205776.867474615,134148.240715415,73583.5168387755,136751.413352826,119251.070856318,191158.095832608
"FT103",44746.9927270768,763312.199171648,3265905.28710941,7380613.67802961,5641447.14159237,2139632.40031547,5532764.29681961,5593614.67098526
"FT104",901510.337109378,102034.176525005,93042.9545874167,84473.2054076173,82335.9461959809,111830.952563102,160374.458052641,176769.869494057
"FT105",1108545.0725416,3553044.59272361,1047415.59280726,1336063.86189553,1378353.41498255,1484326.84255666,1962797.87578515,1636579.1127769
"FT106",33624989.887539,0,0,4515.78250508962,0,6949206.93778564,0,0
"FT107",2025347.11746092,62825.2518451016,212670.652791024,121684.843003536,157275.371103826,170993.024162997,259822.396273511,298849.01315426
"FT108",9024201.45726562,0,0,0,5020.11229917461,1532691.78758112,3108.89053130757,0
"FT109",33207286.6142498,321771.860704625,96134.9346524295,107184.30651305,103248.671622959,87476.0383556869,255173.945766964,166799.039505813
"FT110",7593374.12911056,42999.2678288193,6584.73410097849,9439.31705873919,0,7913.90339810387,21038.3583206233,12247.0483854738
"FT111",6329322.95669791,54785.2723311763,45384.7354863058,42259.4203741932,16337.5732813926,31686.0522799682,3833.07890354098,16208.6771058845
"FT112",1350410.98468017,36319.3502609119,18282.5843124647,12547.9886771945,1488.01145540419,4199.69522889127,4739.55682532249,6457.57615434817
"FT113",13832539.3441036,353775.407922955,1512615.21812774,1042136.87152913,1048616.08568935,1469235.99413234,1205368.61135936,1139540.6981128
"FT114",4800164.14872651,126338.079372103,583076.722083222,360398.030336398,366651.969323577,502728.533774713,473390.297040728,551061.10754853
"FT115",6974875.76555398,436.9766946363,5894.32694930096,1323.91373659819,10198.5032087772,45980.3800663758,13238.1563189992,0
"FT116",4910150.17618517,19208351.1027085,393460.979253243,579299.67414726,345947.473017255,1806700.71275906,685186.085169662,638142.136946483
"FT117",522718.826060524,2885738.28059856,138916.869618779,154536.709484447,186531.235951217,348266.901372223,173155.614230869,180352.615378255
"FT118",1194989.7024183,4204768.03479073,82343.7047151742,112854.449687538,61047.9096665976,366776.82163127,137576.735040698,140937.973970908
"FT119",1858872.18986629,0,13594.1486879182,3343.32731660444,7028.99782732297,2235157.23595254,8890.55874879785,6441.22530573362
"FT120",2101491.96600585,23896.4484117399,49880.4343541391,26303.7500015731,24983.5833510742,37960.6774946079,11904.9062437854,25385.400925848
"FT121",440039443.435958,29427393.6614398,29524756.4313283,38175240.3670406,8727335.29550786,36046441.4345208,4925615.52582588,1131793.75041191
"FT122",2909769.82320012,831237.794738785,556195.64821146,723091.112848583,442313.270171898,218672.330817928,288715.306902171,209900.939381749
"FT123",221341.605637753,3950323.35048968,2332633.43217834,2527275.07374782,3548161.58370321,1651005.79913466,3465383.17933908,3544281.76866686
"FT124",4215602.0533827,2523.86422859541,0,4272.68451356748,0,3565.85447969332,3711.10150412596,0
"FT125",116202783.828186,7213424.41498327,7625696.53867193,9667580.09871786,1889188.33350852,8901256.06913019,1339880.272184,268182.601336104
"FT126",3943189.05319333,859.126863735643,0,0,0,0,485.881071518456,1670.66284036593
"FT127",24189683.2061979,0,0,0,0,0,12064.7615121477,0
"FT128",4403391.99879253,47622.8202528223,126095.71457981,70513.2233783369,42678.2908071165,135136.119197389,47933.0095664474,68858.3287384927
"FT129",2467814.13835998,0,0,0,0,0,0,0
"FT130",2550039.56879186,183798.500977984,126427.861086401,181935.192067838,31736.1910712497,216884.797650167,7673.91407523871,0
"FT131",1618045.15650877,434113.936378968,779623.712015561,541874.340637146,470274.562749568,431240.237767794,459108.422205095,497120.587667256
"FT132",1154461.23562498,986.307307269319,6377.72217462817,1265.00025311575,0,0,0,3908.48397508503
"FT133",471539.89609877,956489.533212277,2210217.67877083,2488157.66894171,4124396.80885714,1624387.12956678,6125158.17982895,5436382.24967789
"FT134",2964019.65049675,846231.717122331,2306998.30556251,1476649.75982144,1662829.73453125,2000796.15203125,2080186.76831005,2311637.00859374
"FT135",32608222.7248888,3215137.28950482,3304156.35777114,4164503.07047494,5495351.33504556,15375548.0472321,585197.212844004,186054.070601745
"FT136",7942761.81015622,514125.694774493,770875.8273978,838931.932141154,196682.194354211,1035297.36457987,114996.214507809,21173.6594481721
"FT137",2078389.86679242,2284281.45876756,2300459.03857761,1160288.13466221,2359568.49497954,1504627.71076992,2266442.18703542,2101802.41900937
"FT138",172395.226963332,1641894.34936383,1383057.74137361,999080.833943252,1335635.18469146,1201560.15314438,824838.16091035,904844.708004284
"FT139",7679281.98949214,293015.72990708,313302.40439434,278525.936267375,220078.621874551,442073.130713796,120395.846308744,205117.670835654
"FT140",2980603.03052454,1194.9420503475,0,0,0,0,648.024471962595,0
"FT141",6634804.50584817,1471478.78126052,2540318.18975001,2748357.66190209,3635764.19327893,2848290.27418571,4050996.49735027,4854581.585875
"FT142",4141070.7324114,699.736108403587,0,0,0,764.864728725894,0,0
"FT143",1285197.70834029,18011.2779341495,77761.3828494687,31116.3436372726,7654.2838872322,20033.2480445021,24178.2345339024,33149.0545647216
"FT144",3630207.36837891,698015.421765894,1412670.81511963,1810642.6010646,1204607.18343228,78348.6040000283,850820.109550796,1081129.8340951
"FT145",2137593.67540178,50750.9020637776,62043.4919552936,61391.7511885851,72047.0997534794,51275.1332900131,58558.9059798229,46616.5990249036
"FT146",29632975.0865233,149415.738449826,158081.34212444,158165.776677378,171123.039268876,116254.722317883,138743.436748709,148171.132177137
"FT147",3441590.85903288,170049.439748543,245833.529611933,696188.016129252,615077.943634968,383460.903974033,119106.7570211,238697.56034107
"FT148",1891900.41396011,66205.0639446061,281325.450348244,180437.587236772,204289.200857804,261162.534231405,334892.696984585,433948.727549746
"FT149",8949687.92514647,33746.6787725835,21522.6485756603,16388.1339208176,21475.8866531205,23684.6367122184,9235.17617998136,15611.4960967034
"FT150",2626245.69263713,0,158900.513105933,109248.537971228,45879.9270921781,91966.3724274577,186222.687801992,141079.165120789
"FT151",2348452.70668594,9261657.29415072,2179566.95919323,3202525.32845607,3671997.88181217,4763851.07864632,5489383.6913813,4360886.04081667
"FT152",7019125.37184891,104979.284442144,123955.304480171,122027.001620654,108482.323332256,141883.629441357,106662.805339651,129558.849269
"FT153",4813901.60975231,268294.04273655,1092393.65145503,1121642.04977397,482347.214994648,448010.843806414,470809.650792801,469359.559318669
"FT154",4046149.47119139,56936.5582029836,12221.0209025317,15656.8566334055,8790.61448849016,18621.4686730697,2672.88603632502,10427.3494289244
"FT155",1771506.20873046,15914.9624621971,13823.7591450398,29074.2317590311,4761.04216750914,8101.25494953879,4104.36824268223,0
"FT156",438729.401694176,1669909.1530326,507797.64420657,676303.605267152,710088.069405315,582502.478539144,1034919.53872181,819723.412564904
"FT157",268736.093291113,5740339.80348345,2811028.30910128,2337412.26688071,3231325.93974262,1893646.80080863,1749156.85210039,2021251.88257381
"FT158",10148229.8915235,349287.16966622,1564140.14122753,1287181.74386704,1178245.1873021,1184649.96523238,1409321.54010461,1647087.7736849
"FT159",3462606.04390133,41861.097892808,83768.7406038752,36336.3006927117,72606.525316589,84923.3194571562,125952.321993187,119452.906647616
"FT160",87341965.4182953,109388.568510949,92211.3077453231,29930.5985601821,0,37440.0220543498,15267.6304091792,77054.1956610392
"FT161",33896605.1739587,43467.838735124,42680.425177845,9881.98343667048,0,11460.1705931027,4282.11716002285,27108.4014663869
"FT162",2660909.73779167,78723.5898471696,116789.633011689,159018.195347632,11193.5781711259,136976.727020499,6403.58106649443,0
"FT163",6072977.57588481,732.986429591444,452.258148898892,0,1257.08624264101,0,0,0
"FT164",20817225.1236976,0,4300.45847217407,0,2712.65604745659,0,0,1068.78690980241
"FT165",6604733.96431317,0,724545.029738579,698827.048010859,318341.389303781,327332.37764379,340451.089944843,403569.354461096
"FT166",8462638.72221342,0,0,0,0,0,0,988.45242136998
"FT167",1819385.01169922,0,193861.95940161,204945.684018361,95251.5097161152,82451.0130940692,99805.0253069867,99575.445751904
"FT168",1511199.08180663,0,22601.0418003993,4882.64364550108,9989.64092569831,9322.12590010313,3431.93736567673,6156.8225748981
"FT169",14761320.3976354,320655.167960064,1871935.84144535,1178664.16448037,386891.718133621,820987.770385688,613141.673863802,1119256.48320168
"FT170",5808828.73911664,131742.128640012,835180.585450252,465030.203564084,149180.178452936,315891.614462191,232287.487640359,452558.291906957
"FT171",1241561.21368923,201892.1125064,98489.2351120761,63616.8254221532,3812269.54519831,18812793.4570898,91289.9989537167,96155.4165207541
"FT172",520697.991289966,4142123.78432294,3108233.52917985,2171031.2654018,2746061.65349766,557971.855064176,2296509.87134766,2577681.79658293
"FT173",994735.973488026,7570649.18137501,4219779.00257742,3969066.12228338,4179507.56370933,1070438.08495834,2302829.4509333,2117632.81928145
"FT174",2131372.36902574,68667.5125578369,226796.122184283,111195.193346379,124003.594777425,195480.396763331,483913.575185452,476219.848787363
"FT175",20095230.8882537,273033.68679457,472355.701560926,482330.787077627,382606.494234602,797379.30168736,395197.603010445,462144.946581172
"FT176",1893734.97369365,0,4273.64416583847,923.431144558592,570.675632004233,0,0,6197.41359985912
"FT177",3970299.22905336,4515.22994421825,25819.7486410088,13691.2384558106,11603.8871749878,15727.7941497193,8691.23974825036,23874.5319195176
"FT178",5677773.0760853,65022.4398220822,116168.585565439,111679.400476393,96929.8831182265,215433.079084465,97463.8006536533,105053.073240168
"FT179",5931434.97256968,1242903.97565057,1796482.63783017,1256727.81266114,1005800.26918442,1205742.37066522,1104365.15858999,1231758.6952878
"FT180",2780495.36702882,2312.06782917291,10846.5700847116,5127.67256872163,6081.51993618538,2995.7086411065,12007.1458309648,358.478124271083
"FT181",1201585.49913813,1709517.65414063,35833.8811353903,0,6325.69373428364,4037.6487204145,44282.441101133,10077.7938802986
"FT182",2683373.49439452,339153.283460765,119359.18217691,132740.204192569,148206.081371295,170429.323613683,652722.152263474,1272843.13939372
"FT183",2546359.74192185,64304.0904948612,90768.3051644987,83742.0895111432,38774.8576830202,35947.4845199298,127958.82906261,45236.1719472648
"FT184",25449664.6697449,12804.5594739432,102494.191372162,29252.6067258443,1768.09372232601,51773.3181622469,21631.4824170112,50047.000000279
"FT185",1055633.53766183,0,0,1656.34010498864,2069.53923567956,0,29252.9660756631,6944.85651938493
"FT186",9126327.25213212,8518.61166373833,34539.525864344,8238.10374861778,0,15121.5605406947,7502.87896906863,20439.5857292204
"FT187",10497985.560774,0,0,0,0,774.383407338657,0,0
"FT188",2985763.5432683,1767.91398149362,2954.48090401914,0,0,0,0,0
"FT189",7082020.91202583,25989.8026377506,157823.981681584,54576.717191569,1425.74423363171,84686.9242820503,10167.5083841446,59189.5698725894
"FT190",2549202.65550691,0,0,0,0,0,1352.62773859699,0
"FT191",755296.379451686,8796460.40942307,5996443.22967708,4614987.88526913,4666116.52266598,5937577.87424633,2878874.81856671,2614187.94120794
"FT192",1279334.52542992,955.15374180623,0,0,0,0,4422.73647276763,0
"FT193",10046057.1272071,0,0,0,0,0,0,0
"FT194",143844.347048222,2088374.25183594,1130217.88359375,1082918.03014032,1162238.0822835,1265834.35788345,796920.400856236,838257.930476433
"FT195",3967025.70508927,0,0,0,0,0,0,0
"FT196",5584272.2015378,42297301.6081172,35914270.6753593,30039301.089895,29918809.6740312,26653449.3503198,38041611.0831393,38655829.2548236
"FT197",4367442.41818635,16481158.2403758,14738532.7567852,9881977.08941666,8941637.53925742,10007325.5214844,9759930.31900782,11346043.6435937
"FT198",13487329.51873,448004.602279766,1691750.40338363,742508.262899996,867939.378933712,1688823.90786561,1803932.48111347,2287018.56890126
"FT199",2344975.74489841,0,0,0,0,0,0,0
"FT200",1453264.97588868,1257.98847442386,31933.586883103,19518.8982338466,16731.7473756019,14772.704453912,16247.1745354546,21609.775441753
"FT201",6086511.91072481,436996.150067364,1873435.9956421,1281666.50747148,441711.6449324,840064.851256512,562760.357061807,1023560.1637083
"FT202",1587571.82314966,12828966.4090758,10693371.390761,8764828.9274021,8236780.317,7935171.37535936,10390502.470693,11348059.5729504
"FT203",1455698.59336429,4398624.39270938,3946267.75601514,2446990.68833333,2136632.89576654,2499254.98517,2709834.79859215,2824488.07944071
"FT204",3459617.70667577,139506.586398469,176994.583946229,187778.234370895,222705.748477766,258263.327488598,38849.2162179354,197616.131709284
"FT205",23274782.5025505,0,0,0,0,0,0,0
"FT206",9028114.49173596,0,0,0,0,0,0,0
"FT207",1677141.5419442,497774.681351469,2316344.87328902,11193529.720919,20738200.9072453,11748687.5847657,1078684.95956491,1419189.33984445
"FT208",1514717.82326074,626.333082676647,868.513360536356,824.179006871274,0,0,0,2798.0713520628
"FT209",425167.795534017,108593.426199899,514993.511012098,2755487.68567381,5194329.35654288,2677140.35199522,268060.739165354,338215.901896821
"FT210",13517322.0963404,116229.535671386,898143.522091852,408454.466633874,185268.760318531,328077.841381835,344397.040537396,609426.453928628
"FT211",3113257.27883524,562612.651789344,3154.78278449422,39695.3920987504,19487.6039888121,18392.7515728678,23052.094323297,28301.5239932585
"FT212",5270800.45453569,37961.096606964,332239.523183815,147704.86417694,71830.7921233257,118013.982060325,128561.903286521,242742.879040249
"FT213",3339033.10670452,124137.750795805,553702.558381066,204599.832279426,74188.3241734081,237098.777839162,132392.157678783,171313.11271104
"FT214",3716827.11004399,93003.4424067509,113379.479135364,240951.439026088,157440.787167963,128730.370342338,199695.113243539,198832.4208253
"FT215",4665658.94831682,825.611517993918,0,1267.82578179258,0,0,0,2844.26833640213
"FT216",1422132.22015135,43595.8675214299,49255.8810385775,20331.8463835565,5947.08136044543,43351.7556847007,6628.8379439481,11632.737745862
"FT217",1659336.94037287,3812.94531528231,4046.67335934878,16859.142639717,9453.72928964378,2080455.24706053,0,37385.6917772595
"FT218",23123042.5670029,20558777.9391011,250412.083236691,405809.507144906,328253.62439159,861896.355062753,944533.894793906,404153.556137891
"FT219",1621171.96739614,40464.9861772879,89059.4456278236,50786.886936579,86106.0795946205,63072.2614343452,51732.246937238,63126.775070037
"FT220",1491829.29114846,0,22688.0215111537,13121.004182631,3437.97325080378,21697.7348815137,24055.9018970753,25651.3272028396
"FT221",6390253.16358205,5509621.07363281,51419.4170955774,111554.73716691,32622.3784541387,216476.664946078,220169.522918614,89236.4657306176
"FT222",9249634.13585869,9469937.50823068,5365441.81870677,4964777.43788472,3832326.89584414,7931518.70676267,7339040.07990502,6335619.05605397
"FT223",2427536.40545962,8541111.36076975,5077348.38467848,5517883.92197657,4634012.59805665,6953691.28130013,5216893.02172989,4313635.52215061
"FT224",1174329.52258929,0,0,4969.99173648681,0,0,0,0
"FT225",1700624.26103881,13777.7556708982,93606.0599676112,42810.4325465824,79180.1983347195,152532.758775848,127830.523854486,232725.568512226
"FT226",1151659.58578127,2030925.29037298,1669120.6868913,1458380.04232378,1284060.9251101,1584097.88553162,1543424.58688115,1405086.86278699
"FT227",5621483.1719674,1282.35336813946,10155.3123007284,0,0,898.297957921424,0,0
"FT228",1623528.6856925,60153.6304236092,113223.925906392,95359.083883192,31102.1580555508,82351.210762175,66003.2875315116,134206.281151514
"FT229",2105294.05989583,0,0,0,0,0,0,1153.34383065077
"FT230",36290520.2752177,200042.457654532,238598.180719504,198007.268556908,212729.919761128,203658.331522655,245006.718450337,329186.721512811
"FT231",2300963.64955357,9815.71061999976,65585.4319158192,2020.70542934862,0,24292.754925195,66885.3983641716,75047.766909687
"FT232",2524157.66438876,0,0,0,1212.61719456752,0,1316.91002705748,0
"FT233",10705765.2887842,24223.0948183112,49890.3048986865,0,10621.3724564316,17635.5907485832,60020.4052558661,60160.442199963
"FT234",5625014.31308589,37999.9070553031,383419.677764299,210252.150768167,108133.372125579,173955.382516812,185548.695879139,336799.682009411
"FT235",1491262.01472075,1468522.81232827,2193861.1970981,3782919.92285159,2213429.96575736,5611822.59840152,1853982.14715566,6243940.92020089
"FT236",5063991.94006249,0,0,0,0,0,0,0
"FT237",1905871.16521875,0,0,0,0,0,0,0
"FT238",5465903.6890095,593692.899499975,43648.4116217018,28600.3375196852,6652.53148775396,228474.423765927,77170.2897653663,61791.6218855251
"FT239",6627152.40754032,19066.4277600235,73696.1392728766,105798.259883842,31625.5100269945,65040.3111233865,41005.9915753784,107581.234514373
"FT240",1339572.13659668,71305.5262632986,46764.84311897,95583.4526497481,133963.25510359,185333.526771444,81325.2458989546,77342.6676130411
"FT241",33913646.0542338,0,0,0,0,0,0,0
"FT242",5003404.25426896,348422.892308285,1443697.25074013,732167.685698498,395675.342062216,1147665.33237847,516974.649543841,819840.534573523
"FT243",2516423.90850975,5115.25123615668,23977.6825609191,34366.4776485188,7658.561235108,20890.5628693075,13739.5155103011,38276.1507534025
"FT244",14565274.1933357,0,0,1242.13154681435,0,0,0,0
"FT245",2119711.70326559,235486.063960877,165571.155420779,125137.303514469,55468.7847893992,286710.837224277,28975.4193753088,47980.2090380274
"FT246",15108941.229875,0,0,0,0,0,0,0
"FT247",2900222.55597847,0,1270.79766292105,0,1197.61767058105,0,0,0
"FT248",5631274.01881662,0,0,0,0,0,2244.2899146792,0
"FT249",21895872.0475001,9719.40030159733,659356.32309667,716210.900283714,577506.573040257,1395389.08913977,1352272.7740594,2161005.98535812
"FT250",1500010.88895313,12128.3392694621,5975.49426833259,0,2932.17306422263,33722.9078622301,25087.1971308584,0
"FT251",2289298.0755727,77169.9959333028,209647.636057013,131774.80170022,77171.0418976722,155235.002239671,87578.8730170539,145671.941612349
"FT252",7413211.3748527,0,5369.90721545944,1210.6490942615,14544.2182158744,5616.23139050074,6204.5480084457,13279.8277921849
"FT253",2109931.4888672,0,3442.33035053931,0,851.100364547206,2952.58856073736,0,0
"FT254",4771167.8084766,2069.80752328801,30462.0959726305,0,0,2446.28397280203,0,2746.7900596694
"FT255",222587.666078036,1152340.4774719,1162271.55976808,936490.752793249,446586.693833491,169009.279500791,420994.667398968,319972.439177188
"FT256",1460680.78808592,0,5342.08501040394,0,0,0,0,0
"FT257",6304681.59847496,7709.77930027169,373686.27413352,127483.903843409,56123.1403074045,105110.482538213,90618.0358440891,187447.54589419
"FT258",12753639.2930675,635520.569340016,614748.061953114,625574.423697109,114259.286868174,581610.945497664,64270.4130118155,20156.6919622817
"FT259",1182666.19900925,0,4143.27044979301,2107.74318668829,2647.29833048959,5156.17934373889,2301.67784363886,2662.46455134628
"FT260",2130963.25947419,133720.556796859,117436.045763277,174360.403536595,22931.5082333695,114829.231442319,5920.00029983633,0
"FT261",3161453.130632,23386.5627556405,35915.0171881293,122617.365574896,49218.5685681084,41353.0939262395,47688.6554278907,28127.793515617
"FT262",11261601.4048047,926176.416626557,2608412.15821068,1480256.21770243,1379979.78483694,1838217.46179037,1023948.90875348,2255155.26809434
"FT263",3982719.92043945,287730.158132586,954097.080227862,636976.18483104,427444.526104553,646303.851306201,340806.114584596,666903.932717147
"FT264",3683584.9303277,38825.5274792773,372302.0293163,200920.416217059,103203.191800021,182921.14206941,179829.555672268,288607.916833201
"FT265",42135431.6381835,3677800.63575722,8818030.52876201,5686800.04545073,4338407.81720554,6932053.92516223,4559948.21373052,7446925.80095678
"FT266",1668460.27156782,0,41192.8522124059,4216.52467223314,0,4650.46033507679,10505.5198447432,19307.2636008388
"FT267",15510840.6431094,1345286.66963551,3102248.47545673,1934408.47541016,1435403.84041137,2504664.81995492,1518726.58195188,2737935.24761929
"FT268",3004138.94756832,6894.49490272191,95629.6371886624,43985.1878878453,19547.3222234693,45300.3979270894,16295.6244952394,70783.2608678451
"FT269",778977.086710084,3340310.29417411,107329.324355208,92514.0432385637,137824.93664563,211947.023040142,172382.350074157,158840.201583299
"FT270",3970699.40549976,0,1783.44315793933,0,0,806.55588986106,0,0
"FT271",601780.214356311,702199.049640036,2182887.55471356,1987203.1205332,2072139.547625,2043548.16611413,2483400.67813564,2356327.49287468
"FT272",19339393.9738296,21269.25193436,1442729.04698022,909937.109967229,2174988.7484131,3977568.58462091,4007602.11427212,4093272.22948808
"FT273",12642194.467461,0,1318.75984306155,0,0,3695.05571327961,0,0
"FT274",6994045.80514553,0,488309.217038448,318637.898547904,834649.264777973,1493527.28704738,1195349.1922539,1507743.34755189
"FT275",10327962.661074,10602.4212832797,96613.0321631291,25226.0294000741,0,17549.5151544212,273387.991712539,52178.3451731422
"FT276",5385974.74325197,0,1068.10133538248,0,0,0,0,0
"FT277",404353.477186036,6948117.26042725,3393808.63359886,3179415.33531232,5030285.58545539,3669088.16668748,3714483.65550491,3097608.41388883
"FT278",1595012.65599512,0,33180.6809063362,0,0,0,94562.1874420007,169706.68922033
"FT279",1830843.36709753,1124059.85770583,400359.687582428,519338.409998333,425028.875735913,52624.0064079243,641501.060718563,504245.343962825
"FT280",2625101.19734378,27041.3270690438,132019.858490587,105247.404633828,36150.0767164477,105139.113240896,50633.8673469698,75537.0833539133
"FT281",2646137.23576172,0,564620.975068337,276431.541085225,291885.269917423,647641.241854755,641396.238125312,580579.65406699
"FT282",1645313.86906252,3448.45965317397,18868.4163080787,11007.3646079864,6843.83030891359,17174.2961218694,11937.3601560636,17058.7464579303
"FT283",3897389.66953646,31078.0331560341,194585.327120477,63882.7165377989,45404.3047727711,74001.8223009175,215209.906285437,185416.976111743
"FT284",1617062.55827224,146690.175653932,6489.64331846944,17508.496719804,19337.3033857552,25334.6087721029,23888.9696861252,45167.6948290415
"FT285",5151724.57542551,0,0,0,0,0,6724.45490623227,8036.21518802843
"FT286",1415567.050625,44481.2837114841,97235.7621105658,23946.9228057206,0,35931.7902593491,167464.002246397,120154.075054151
"FT287",2271711.54974602,0,0,0,0,0,0,0
"FT288",3283582.79485576,47294.2833529628,32449.2407340507,19822.8515100542,4991.53244688381,63943.3774018729,28502.9521344542,12928.9251309919
"FT289",10377631.7722344,16628.2664536461,343342.024314874,88736.7887488095,4676.11120372697,79362.1736134565,312421.638923302,367256.002124608
"FT290",34028335.8772153,10940.81152071,2035461.18566665,54832.3801226233,4338.61795056953,24601.1640920831,152761.391009356,1884720.88583276
"FT291",8393068.77312505,0,3451.66246322009,4269.24931766577,0,3169.74622979497,0,0
"FT292",13165599.5699012,0,54617.3092108893,4846.36343821934,0,7572.18897603271,54660.3497717488,87996.2421966641
"FT293",3386755.06895835,0,0,2647.25401320491,0,0,0,0
"FT294",1962382.64897463,0,0,0,0,0,0,0
"FT295",15836325.8223805,483410.204466478,2916252.34260196,692494.159098318,170784.994873865,810097.736419569,1608970.37058788,2200567.18686467
"FT296",5884133.44973575,189652.724719023,1079935.77645213,251365.796297972,71646.6182995274,294859.911476451,588465.030875466,683504.588993793
"FT297",20335327.4265265,252663.257988908,2164703.14625648,456795.322738296,143446.09607559,599575.696105291,1022862.88918491,1011475.58746318
"FT298",8097819.02994872,114576.386062511,876264.981297961,190534.508564905,45937.7940276491,220197.632281305,383690.621008993,393126.420893507
"FT299",6414367.13354402,147739.268954804,219759.633731827,127054.2233636,62994.0684988912,103047.129417549,85293.4609042,116416.703935692
"FT300",4384553.89978363,913890.89027221,1387253.79576717,496367.976809977,430304.362605186,512460.531276958,485745.654792422,395730.067858463
"FT301",2857605.98207182,1941073.14078138,1392622.30506639,1605373.62678993,1736469.22683823,1502244.68183048,2864943.6439723,2229527.5642862
"FT302",6275151.77107067,286617.563635035,320100.553757377,223788.84907053,50574.5677329058,149019.645029151,132792.628345968,135332.501943889
"FT303",1180394.2506473,6991.68041931542,108832.295946937,21748.8725400917,25583.0039477162,30293.3969709989,53284.8197207631,76880.9421399321
"FT304",2002011.30180176,58073.3766841054,122672.826570378,65756.6045796335,46861.0576926839,44576.6121786526,150024.616807893,111319.058079459
"FT305",13165.9501072006,5062451.7294409,134276.388723438,158922.992358293,102078.113172892,318584.807252413,505019.990114367,672188.035440139
"FT306",79678.7776229454,3258670.75731738,656337.842451952,607148.200077102,1231937.52765068,404129.135816082,596224.476499711,590162.147076534
"FT307",1681277.37647727,0,0,0,0,0,0,0
"FT308",12628942.957379,5634.98556461044,228199.277503253,48900.5266318658,9627.93822726481,61131.6769649276,156748.679208016,162587.021356789
"FT309",1521771.20614845,0,0,0,0,0,0,0
"FT310",1861638.17154685,324943.347152739,36777.9599073804,66723.6069602294,55223.44016571,82235.3492449353,35542.9968678814,36273.4742544505
"FT311",3983937.57764565,0,0,0,0,0,0,0
"FT312",1703594.66437225,0,0,0,2029.56612006947,1895.76824062704,0,0
"FT313",154766.184460869,57690.2013969767,1073190.39483127,1544023.30464077,1151184.06946875,7793206.21960179,1308302.25213616,2610188.04326451
"FT314",431448.981335276,2853303.10540596,1011656.65432495,3141537.04321362,3343275.189488,3154132.71681035,3712462.40348288,5301807.74050051
"FT315",11506925.3933293,41877.6084899283,521231.533233919,48972.0846745287,7279.28721631049,84593.4852515164,337246.292451644,594657.167809527
"FT316",1496547.88832812,24373.9720143126,194708.383964843,109327.08196289,54702.7535385129,93386.0123876948,110996.257827148,156196.909521483
"FT317",1285728.30105471,0,0,0,0,0,18107.3896123332,0
"FT318",4208605.05288462,3865.11219551439,166763.509245087,5247.45502648156,6078.55086929242,0,119738.571902611,186292.423004678
"FT319",581061.046520962,7723159.74106104,279797.784560736,370098.124642158,419011.674049764,372066.90782764,361396.222905555,361915.435565429
"FT320",804972.728473446,1179761.17211241,5339863.96496094,7504088.50937813,10453356.8305292,5294005.43177679,9815084.55326953,12140317.1749746
"FT321",6418557.48812508,31296.074380135,371020.428576831,78713.1051481774,24374.6199305958,119716.191488238,235206.642328508,281354.372466134
"FT322",193107.864339718,17342711.9364258,4605730.78776856,4059929.01945531,5768787.8210625,4460980.67607502,2347534.486,2745183.74807942
"FT323",148659.619261024,1330737.65252604,1203517.5012541,917190.37334403,1126442.04388118,919913.481814919,717276.313968727,794756.50904634
"FT324",4907000.22414809,53019.949548619,136825.391308855,110970.094102155,101185.259166962,121525.563524501,137973.176137841,152035.023253491
"FT325",7684887.68763553,155057.417566526,1142667.00630929,303196.246868256,107446.600247406,410801.218193949,504310.706510793,598635.187445444
"FT326",7999.65184665902,5836671.92624997,1739980.18263128,1410318.0180412,1970609.12932812,1594399.18466264,884837.571101405,1075464.37351772
"FT327",16865400.1553929,1382037.607787,3916868.94844792,3596606.81402644,2952621.18166071,3930697.67907254,4408331.25622768,4640748.51494876
"FT328",333167.765625249,1492189.19060113,2810330.94879509,4597051.43593935,6255914.30219726,3760018.13603517,5475547.88299668,6082449.89265626
"FT329",4166605.73941484,49871.3141569046,54343.1545794364,44432.7295354997,96039.4659847319,60113.1746216494,92023.1759417182,144470.978331079
"FT330",4054660.63753305,319195.863490517,931496.514450463,865885.177336538,737690.779323665,619077.251411818,847042.590139424,1025802.9065122
"FT331",2486886.59373466,1263068.9464209,0,6718.534284481,16768.8514684041,3060194.48470879,33085.8271156028,10035.2655391521
"FT332",4765587.71535757,380048.98898398,1105444.58692968,1095533.95731157,908216.022205879,742397.11401583,1311733.17551654,1311643.65226054
"FT333",1762240.0908491,384366.726743724,202789.005644583,532913.775774911,342921.572411241,327216.471530893,411245.815995107,500347.956068645
"FT334",6672240.18172849,0,23381.6603081028,3376.44597611766,30257.2103560305,3715.53463955311,4049.63195991777,20590.30625987
"FT335",31208325.1162836,14295275.8520812,78784.3369627679,211509.997134258,120833.53146,170105.626831575,194647.045683548,218563.785114207
"FT336",4783266.65949585,56769.9716087718,276983.536848526,147993.931384975,158965.105705624,277627.609338212,620997.367151533,614697.703591951
"FT337",10488575.8461496,4727090.99750976,11567.8207334267,48154.6315294718,24567.6014800246,11886.5466366784,59579.3785840301,50500.1701081226
"FT338",16803153.8346635,7403303.71334453,6790728.66470573,7134400.61419475,9600877.85258073,10320174.5367466,13235517.0787099,14597092.0862069
"FT339",4158604.09660457,1691065.89599534,1702264.93636341,1872868.04191382,1962294.442275,2889003.38561389,2869584.48333705,2978154.26675469
"FT340",2301773.14143629,1326.17365925164,64618.2589354914,13938.5341227602,3494.17854958393,13076.6904117377,5549.31292501383,21001.0849139873
"FT341",897456.241824469,1176118.50329457,1242252.08934625,699435.269519947,240720.595852351,438189.343390846,331465.304147831,234782.188941116
"FT342",2896470.6530409,0,6638.81216930947,0,2727.33992564966,11655.174629418,7680.61936306057,28509.528648753
"FT343",3805858.41247559,122924.557377343,165343.601569638,194271.653101083,187456.79540203,125431.022281974,270509.580468447,163120.36618976
"FT344",2307020.25337843,0,0,0,0,0,0,0
"FT345",544889.740846211,12061954.1610208,6621538.51327708,5454586.9193796,6602209.84387501,6286599.30217187,6329005.90233456,7763658.80845686
"FT346",151682.094691484,2870111.86210547,1459203.77712585,1020929.08133206,1229242.85713492,1275342.52695809,1128915.90937267,1304226.56067612
"FT347",184282.648134218,3857224.5421289,2287990.30838073,1927131.67242755,1987701.9301875,1904825.01723699,2287648.5992143,2178507.57762
"FT348",3310443.74481027,9599.54600792829,28768.6965767487,39031.9695204636,38766.2620249544,41236.2934716488,11105.9175772795,66205.09961619
"FT349",6094540.86354766,243159.085591995,1068520.24676382,488531.711686271,252581.342558881,777688.384418603,298884.200205502,430779.286166527
"FT350",2276894.79057131,12528.6677497885,74644.8382353772,33491.6541075223,13723.5487647827,27297.3729045665,23162.3011153983,56237.8117019644
"FT351",2449216.18867188,162279.671419061,90012.9978817126,79334.6368897069,88938.5735807751,68652.8113637784,97691.5661676413,38780.0155388237
"FT352",4374911.1876256,42926.1243519206,203536.469205615,88615.1255521247,30868.3788894623,41574.939924326,46178.543172741,114102.981638577
"FT353",1978630.21205958,21288.7383915016,98868.8501630791,34976.4246720745,3302.31902819302,36859.5033448913,17226.3203969339,47682.7871194619
"FT354",6901514.75242592,887409.497671523,679611.705722798,569172.153427084,405228.122579704,465875.407799024,316074.063275534,325508.061968941
"FT355",150792.819815561,3775791.24627792,1471980.66791768,1238310.50014946,1331293.1108099,1252765.68493891,987932.434326364,1219819.78463983
"FT356",1985200.87226943,300243.756564615,251883.42971164,231921.787691413,135954.291808794,122978.658318541,93116.1604832095,77082.4831246576
"FT357",294010.485568763,388268.10322396,287624.32155413,657578.035977445,5382528.5133301,1739270.29170671,4726969.29008965,2319339.71032324
"FT358",2991166.49784622,0,40259.1028941641,8495.45445799543,0,10286.7369582621,5378.85450579802,17315.2569723262
"FT359",103418.090451479,95459.4237357089,963213.937220621,1409646.04267377,957380.976140624,801021.768959009,1083376.42061548,1861639.41524279
"FT360",435214.78663725,4628494.8224974,2406464.27013433,2093356.20617438,2036641.70894532,1401648.69776661,2103263.24923417,1967245.5059152
"FT361",12893.3720787154,145067.853805017,1163264.41036386,1354346.38769502,1990944.98736728,1133401.70187093,6376660.77624442,6283028.05028655
"FT362",25405154.1891424,1047177.53402664,2763990.69258072,1722258.55833109,1461695.99770754,1984823.74070469,1302145.89294635,2133529.60335093
"FT363",1056592.74433259,55537.2049816062,45392.1473314225,58359.2042389142,11503.5653374932,35794.9746903365,62837.271872033,69310.5233627019
"FT364",6027373.99075121,1407332.89028417,4508988.76229555,2089117.49838773,1802765.3388965,2679076.03681249,1145703.76177864,1884770.95606679
"FT365",4402008.10195314,207395.6817649,2963204.87179689,3869594.77964155,13890283.8410683,18023071.8136568,1835901.89835937,2100679.76779837
"FT366",1550376.63896485,55226.8070126054,1109867.72842217,860775.583171349,4768717.71230021,6302417.88237076,587023.834498516,674289.090751403
"FT367",10468123.4206275,1363744.33115551,1323764.16103442,1371855.43433888,1066407.66009003,3511028.09657226,172220.857700266,158149.181383569
"FT368",6119207.78889266,42861975.1975833,258322.1069249,261213.254551152,436047.513170612,378546.428403478,494970.530657661,440677.193337139
"FT369",3777032.23138917,323898.47083883,436308.031728763,351848.970725989,158712.576633064,580667.363410898,44809.0654614843,47337.9026788079
"FT370",1781293.12906449,14627468.5335403,31316.2213158078,63570.4995222869,87721.6094545987,107911.832367225,89186.9201325295,110964.238359853
"FT371",146181.027767536,1827411.74504785,17710.3056147647,23669.2485441311,33613.3418325538,0,11685.2182112108,5465.3074400095
"FT372",119047.358699262,1998585.6875,1605753.29386559,1096136.83033235,1476413.02970988,1228707.64879104,1044097.71323918,1138291.86378927
"FT373",4365260.8857326,21837.463525329,140971.336665463,44128.3915562913,17674.2173637006,40434.3846090806,23079.4385538329,41302.7790345242
"FT374",31913405.2397701,2471596.8608657,4666076.43431901,4465454.53295433,2839957.67649039,8902349.84944895,6456553.97082059,4646664.61128255
"FT375",8197191.12946917,3409.19965611242,7791.64400186661,0,0,2682.79138888993,0,18886.0176426225
"FT376",1192380.93453768,1420114.65810905,1782999.12149024,1447520.16790234,331895.312920085,3362805.61321289,9355.86725031996,10929.895883871
"FT377",11530444.19488,446575.955642955,661200.277773911,466398.286541437,247669.402408718,583709.560582112,181696.010339643,123947.446261425
"FT378",4353192.91709134,152147.58684381,215463.440164689,202338.131800478,90465.5792640388,243435.100127646,46383.9568032148,36555.2947862227
"FT379",242774.912630006,1308780.38796987,2743194.10470469,2604776.90453375,2629997.05584195,2481964.71240465,4288620.82842,5483070.08500743
"FT380",3460231.00296656,0,6483.42628222652,0,0,0,1216.41227321624,4371.24720401761
"FT381",3782260.44298388,0,0,0,9482.95141366136,0,0,0
"FT382",4972750.42643855,0,73520.2638324995,6148.19348891556,0,30679.7303044217,42675.5288009792,23376.4167945414
"FT383",3152723.90588625,6054.05435155339,5069.3969111376,0,0,7787.19287974797,0,0
"FT384",1301510.90350424,0,6839.46608324662,6881.63187493345,0,0,0,6300.65241367697
"FT385",1671351.03422973,0,5660.44858689155,6313.55562219327,0,0,0,0
"FT386",331653.388878437,89712175.0829166,0,731590.15310528,234779.652642211,54189.4385001122,222329.158211947,86695.042066693
"FT387",2918198.5797443,2612.86274549695,23643.5519026692,7005.42425146481,0,4810.40922253416,5886.51833044431,19218.8747161864
"FT388",12842514.8689425,18529.3783375759,150132.142582585,34810.5759988943,11829.6144167555,51132.4315503819,25433.7630746701,89784.1818850455
"FT389",4607614.60627494,4478.07611121827,25582.9982962418,8096.93977104775,0,10969.7780406541,6581.29319000245,22940.6750517743
"FT390",5655379.32239605,7460.04805250054,70236.7930831581,13212.343633788,2379.55773699731,25339.8224574844,16424.2016567357,39688.8444497156
"FT391",194920753.934063,302788.547617117,2026475.17299107,530386.266436088,206992.819431472,412904.843131269,565877.687636442,1189146.07334825
"FT392",94722790.5023078,139079.311873143,492608.270676668,230229.533567556,84909.032614619,156093.060811132,242207.813612163,495569.258124645
"FT393",23270813.9885938,21768.6614955338,101291.651016235,52467.0722312928,17390.0290377299,34829.0942394511,50480.6097342937,87976.8508718873
"FT394",28104935.557997,35899.456204807,296429.901452008,76078.1342051607,23005.9978190164,33377.7199983664,72566.2157498079,130636.388763302
"FT395",2609951.34571613,973.000244663777,15427.1932611374,916.905722045892,1161.22026833273,0,2355.13242609196,7269.98057633829
"FT396",13291561.1846118,11117.9366737141,129611.220727736,28383.0968278234,7986.69339412913,18002.7477819375,27232.2332850108,53173.0606283883
"FT397",14193022.3742656,82576.9989754711,635191.999872844,193032.497143105,25605.4209467909,191184.493902524,76237.0712225342,151521.980493469
"FT398",16138372.2710529,265157.186327356,1308254.67384185,456716.025117672,84002.9383866807,399909.030769106,190565.09027543,315832.571232729
"FT399",2280820.76730769,77170.636333726,126619.817694929,110747.825800125,0,22753.8392948324,0,0
"FT400",8071692.50486326,133481.675698242,716848.905036619,214907.935941108,43068.3313018001,246061.480910538,96746.9943641726,148450.216483313
"FT401",11113.2789008004,7344375.8645279,0,90809.6730936461,33692.4556910267,0,16347.7298637439,21848.9192770667
"FT402",9340277.3371769,839879.064286859,527695.250122292,507939.795020599,475850.703402845,640664.47830184,601480.915473181,426861.798610044
"FT403",2731946.05220666,1079413.30332687,1430036.23054687,1306783.09290169,2465305.39249312,1646035.89461543,2009959.83443299,2352279.69092812
"FT404",14294869.1418427,1520432.65021487,2657818.37259619,1872775.9598428,1163084.28384498,1716765.92197463,798468.876371637,1192544.08351137
"FT405",652925.788285526,4428829.84927247,64639.9406300926,56752.1110635263,94000.4590699065,55377.7819002902,103007.362139133,78652.9843060479
"FT406",2858936.05603796,43349.2103664254,117011.430572162,88173.6677476684,22778.6167931367,98988.1885923282,30302.996595707,32565.664867364
"FT407",2140996.06892578,7655.87538601493,28187.4482282922,4498.01313683572,0,8432.19655909821,0,6677.70798440103
"FT408",18374638.0337706,63501.6272303419,348854.81778383,87100.4914113703,14133.5968525326,60535.3590605889,51603.5994940863,114033.581342134
"FT409",10209908.2326758,35654.6058137887,213696.22151845,56711.8275020072,9076.66796338852,27313.6086992914,31570.7634989,68013.9348264714
"FT410",1555299.86609375,3159.37212946966,53179.1208251955,14695.9061279297,0,4986.64584960939,7995.37521972659,26779.6927642823
"FT411",3167647.2742508,9310.52475108759,178815.178172662,33654.9955283612,9283.09365748093,37785.0071475222,30893.0695606997,62947.3766664725
"FT412",3253843.65692602,1835099.45392755,11378.2763711406,6032.23994222933,588247.497626144,9552086.84952202,24183.156512085,14332.910967573
"FT413",2529921.49674861,101631.805062083,63662.373223289,199890.806842307,368644.836212215,490878.828734309,240835.567703841,359520.677128293
"FT414",151708825.732344,220974.584871567,1009217.07567824,297439.234526749,91833.2954235216,294520.616662127,292275.385337306,662449.373743576
"FT415",81150099.6401242,114206.494908552,508713.534094874,141629.282608139,44353.1916049303,137074.515689825,144661.031483566,315338.02777163
"FT416",2758775.65609375,1437.74167567662,0,0,0,0,0,3923.15273995535
"FT417",19105226.9468324,25278.2838971989,179798.327199126,32895.8632689267,6307.23828148818,31543.3934784226,33653.5789981898,81411.1574323381
"FT418",121392.398463671,1038155.85403978,1507993.12620087,1566877.09281701,2176630.84013375,1152780.39869732,1597084.49697727,1828884.1155
"FT419",110496.712696733,1128904.69542148,1311333.56058578,1261493.33617083,1865735.04243551,1773358.3393609,1424350.8713141,1990493.96213057
"FT420",5457242.54852708,1504953.93970381,1914800.56851619,1803921.58275859,1358511.78946188,2876596.4278774,2455328.45758316,1745207.80945115
"FT421",1273978.82818403,297589.915561048,346110.892275094,340587.513935688,333707.044454796,559597.545574839,637462.941146545,177349.48827002
"FT422",3704714.69942309,32605.6939502274,273450.058449966,109811.543761968,76866.5780588236,158484.806172994,84436.9958166916,144879.346715821
"FT423",4591141.15221675,36741.1789528115,337282.899678378,118215.93399777,39909.9276289766,95564.6349029008,83623.3313370109,186162.938384981
"FT424",1499614.96642794,6683.39479254504,145591.92574351,40275.6200834985,21117.1794082485,53272.1141055785,30225.3416640304,58917.9888228128
"FT425",2140430.72466551,18050.282633875,146532.279739771,59418.0029206188,18508.6609564582,40344.4910883783,35113.7341533339,84501.4734674721
"FT426",21521367.7466614,525113.365487973,2163435.30019534,1504297.77759745,830093.224011912,1519037.36447447,1008230.92897279,1750667.9112742
"FT427",16128521.8905743,10237.4560901624,33607.3386761612,15049.8189975313,3750.1014681297,15933.883058942,13679.1223395753,31626.7357707208
"FT428",11367459.5173061,279441.685254141,1139908.918992,705723.313306066,429535.367561072,925405.93291882,469596.126702234,784821.725440333
"FT429",3133813.92402915,0,67694.7839233391,15585.0143481444,0,6634.60705749505,13908.9766433714,30392.894577026
"FT430",7369803.78231818,11489.2816867965,19413.3864309013,7442.60803392301,3436.73795467185,16039.9731029645,13437.9834664853,23372.4947580643
"FT431",1338370.05138282,5677.7430207557,0,0,0,0,0,0
"FT432",23776537.2666505,50612.72377121,385089.072149442,98343.553607745,32459.3308367485,76065.1455585941,74479.2729290775,149295.340555665
"FT433",12577479.6792481,17407.4842233059,185875.333585903,46956.4129875839,9540.76924131125,38070.2039040529,34758.4363813478,75786.8162695316
"FT434",2224976.91369891,0,700.210925323476,0,0,0,0,1181.65583091041
"FT435",2608732.81850359,0,0,0,0,0,0,4775.96891439675
"FT436",23125224.4675372,24954.2589590454,38639.3219783421,23692.5444255146,4693.75845098877,17108.6986859291,16746.2180881042,44096.3865515442
"FT437",821281.60198024,941603.767632315,7692449.86689913,11074522.786875,16814152.0594773,8251708.09665212,19126017.146145,20878522.0378307
"FT438",251369.58678634,272943.857766396,1758830.09679688,3342566.09765772,5491759.50937068,2821067.92949506,6076246.93539725,6637061.76708333
"FT439",1189704.22667578,266280.3272137,138962.346328819,140293.633319496,126861.676116101,359779.256390106,171595.989566208,108819.775621364
"FT440",1076046.25443972,293467.543367963,136340.384229833,577607.724250664,1291252.36816406,1939144.05021093,723365.434018129,2870124.15614788
"FT441",19182388.5739292,806993.500364045,3400738.64042831,2783938.28906363,1631580.61415292,3610564.93026888,2294092.38328874,2008919.09601969
"FT442",6095369.15672292,234620.735348113,760276.596013422,663283.886543971,389505.311501493,696111.264978956,574593.037848405,385595.324625975
"FT443",5961187.57219531,218787.972510242,644225.409939147,599304.311453876,373827.925823317,611702.275340564,401203.917978691,360187.311363856
"FT444",23653936.0868083,4396944.75368125,7379056.46421094,6918222.10501005,6136470.21701198,14145014.5257557,9206118.42333181,7321715.90078906
"FT445",7472782.24348698,1439929.02995878,1982322.03000584,1932307.98694798,1627460.78656678,4455568.61672526,2811525.96395723,2153990.36528904
"FT446",10884339.430529,4901.67455224433,2598.76547436993,0,0,6451.57163176499,0,2628.23579916736
"FT447",5162050.16489587,0,1173.5143420605,0,0,0,0,0
"FT448",1233399.13551216,0,0,0,0,0,2056.13545473114,0
"FT449",6409563.49101567,379418.025299244,318367.229981118,144867.61926325,91214.1995944887,157290.202161214,91606.7224676624,176723.943442393
"FT450",1922400.34194012,118407.129830913,108081.785882812,56874.6681006208,39171.414003492,73780.4735138368,35626.456625212,65179.1527645997
"FT451",6482474.79458324,0,0,0,0,0,0,0
"FT452",3076712.11790799,0,0,0,0,0,1864.66937604607,0
"FT453",6184073.55071451,0,0,1506.79258829764,0,0,0,0
"FT454",2932452.27125309,0,0,0,0,0,0,0
"FT455",54755.8715993597,4706964.07895283,3652753.87478655,3418917.71044824,3964324.45774848,3341623.01532136,3555884.20317499,3881624.85362468
"FT456",12014.6453788653,1798770.68671094,1506235.86727195,1250008.64588974,1242860.89808473,297180.095128711,1319557.97886686,1329458.97605933
"FT457",2366683.86065184,0,0,0,0,0,0,1770.10461267706
"FT458",7301789.50219728,0,0,0,0,0,0,0
"FT459",3750131.14021881,0,0,0,0,0,0,0
"FT460",3540582.77074347,0,0,0,0,0,0,0
"FT461",1434182.9488074,0,0,0,0,0,0,0
"FT462",20616381.7661495,1046784.34964061,3022782.06263971,2787929.097992,1575071.93039753,4064915.50806039,2530249.8651758,1980177.50546812
"FT463",5275356.35217552,282132.077461718,573310.761703876,728211.287476734,404793.546896714,741602.29885488,643370.28443362,370169.923007861
"FT464",4744004.54619559,704058.030556269,599425.398887324,654145.504955086,679323.046237951,836010.502614637,865826.604480685,862348.102913657
"FT465",1085416.31435417,101987.798332695,43762.8446198179,57135.0534009615,107375.937963374,105554.029675835,108339.785083011,59486.9347493353
"FT466",232649.076763651,2821740.7316197,3226923.07698189,3268869.80940707,3246910.20786816,1169314.27234314,4797765.6726389,5740176.59041667
"FT467",18708315.5357202,4996.23138532368,189054.449972701,34884.6524623803,8430.52068869855,34459.6860657849,24740.8857222125,57303.2537522197
"FT468",10390924.0105843,1051.6530179269,105602.760429799,22089.6176953126,5496.91636829725,11837.8682532849,12421.8935455878,26075.3515496272
"FT469",960829.868796902,0,5487.42820693985,3278.76255187997,0,1680.25332916264,0,0
"FT470",3057120.32082782,1268038.20389789,410696.742652377,550111.056764227,335556.325691566,1077098.66807826,914085.043886028,314501.556928883
"FT471",7181440.53457677,0,41784.6992018573,3545.78575232748,8253.78207237441,50793.5999333854,95754.2449596794,116504.223338705
"FT472",5736026.84813151,5515.02663530623,137695.814003233,37100.7332352993,9594.76306649044,39220.7436775997,21810.6716252189,38956.7934232004
"FT473",2696745.62116571,283587.300784286,313174.618407866,264005.223279503,147048.582782356,243839.924127101,267800.316942693,186100.36927764
"FT474",3533233.70203814,0,9934.52320166358,0,4553.72758386564,15025.1649518616,52908.7174374125,49947.089428589
"FT475",86282638.382071,148145.130868341,2172752.0855369,555371.985114788,164727.990650389,1153227.17008807,393098.013092789,811290.493114446
"FT476",49261280.5295428,100847.095779134,1784269.18483119,360419.540228366,117784.861700087,776574.542004685,252589.106561969,498396.748371636
"FT477",3136113.14526136,201216.890036899,112646.255363881,139714.335273454,120467.423158662,249554.174082143,157671.994546975,91137.7499377415
"FT478",8064221.75087893,10432.348373291,686182.442148058,96652.0952825549,23395.7010184614,147593.61828724,75831.8895853045,124346.835285302
"FT479",4608692.73655006,2173.45760498046,376953.514731444,48632.0898486327,2084.70004394531,81099.0175915526,38667.9579675292,65754.8148254393
"FT480",2327170.24864487,0,0,0,0,0,0,0
"FT481",148429900.265854,364476.51474999,3546938.81589153,992394.522918816,311048.202707327,1202293.00531212,555516.177432922,994564.706622651
"FT482",88671818.1408022,192034.200942134,2244335.90633109,531791.025133731,158338.556788853,656177.434012234,301682.520951538,541170.85029528
"FT483",1522112.12961161,7355.31091301859,8835.89822868596,15257.9522681425,72004.4842797941,31897.9015859725,84307.4168727203,20414.0255004246
"FT484",15348157.0307904,133059.46141098,451776.831779173,186954.124010009,77909.7278167721,774686.927505184,47580.30671051,88384.0281716915
"FT485",26268565.2033378,25450.8149140461,509720.404156901,111454.364778126,24742.5598032181,93754.6233674452,41493.2932626456,80351.1831783719
"FT486",5114339.04983074,1152.05015110016,0,0,1744.3079914856,5125.48730850221,4256.59208473206,0
"FT487",6836570.49016602,3192190.37059827,2089395.1661521,1786674.00715414,655365.869522269,8089971.557025,1632507.47541058,669858.003506116
"FT488",2500839.99009277,836273.646009576,881173.764519699,519947.729918352,186190.70614024,2635556.42632199,558958.184278952,209054.6439631
"FT489",5494882.01044927,10813.5655317572,176462.471466348,43158.5182059424,9274.08837777953,35403.0846409258,14861.7652858325,52470.7533392808
"FT490",2861924.88348332,2240.32475857821,97891.2037795187,15984.1409567261,0,13341.6470287068,12559.0021982829,26232.3707095337
"FT491",9236597.56492205,0,14459.4441040847,0,0,2540.86260882306,0,6071.65590915997
"FT492",2283824.01622071,0,0,0,0,0,0,0
"FT493",5266479.40622406,36470.220405097,515700.385049537,98803.832665257,20164.7905881179,104703.773437463,42952.9030928406,102919.693970835
"FT494",1317075.61473215,0,0,0,0,0,0,2020.71794661054
"FT495",2991090.91165644,4071.34634624916,220603.06493302,44400.9808547781,986.850621138815,45143.2069773565,39455.52266864,65700.7136056958
"FT496",9747149.48899097,946.229072250769,0,6686.70965073255,0,9221.23297257876,0,0
"FT497",4224871.05261436,6902.63633773653,0,7465.99627751595,1076.69197135796,0,0,11039.7901839804
"FT498",2974853.43278903,0,2494.77546772572,1492.88901809727,0,0,0,0
"FT499",1672831.45128123,1204.94036238498,2428.22882284332,0,0,0,0,0
"FT500",264568.86561603,421361.106636484,6426899.39442477,9765923.74100211,17004345.8274986,8089373.35594871,15396413.0764059,20611329.4380924
"FT501",6917580.62491328,1625.1262210535,69583.9716344262,13201.552873435,3869.24270693742,10091.5957760007,9622.66902763107,24491.8265949658
"FT502",121172.261582991,165910.598883682,2367709.96306518,4047514.59040543,6890472.5000586,3054783.898628,6674775.81849524,8040281.28464732
"FT503",7853564.41343471,235950.875610107,113965.810573331,170731.016080917,93541.1618648222,2830822.82361443,206782.445188943,158545.723240269
"FT504",2921411.15455078,115336.9414129,10670.763317243,81882.3376157304,17525.7835893033,885331.45436245,109207.951373047,48008.6629331838
"FT505",16719162.458155,1661081.13245312,3360924.64905304,1835248.30766737,443558.257255331,7897206.46050684,1507320.43510158,608693.974396577
"FT506",6777337.41051758,507035.73829504,1201684.91919751,656016.99403822,131540.378476036,2973213.84438281,550389.103894337,206492.67906462
"FT507",5234807.76204394,371551.447999252,866787.232843019,528109.15576338,129552.478649796,1948958.07873745,436132.609363057,163895.966723277
"FT508",2017604.09498307,98275.0999909177,273566.764211432,111872.310734934,14296.5972570626,498569.369351145,96769.2729042617,20335.8033182136
"FT509",20742064.5813164,7912970.26574451,6092012.59143515,4148969.57746978,1115241.6406552,23750135.991225,3360971.16046894,1211948.77633567
"FT510",8489728.85955729,3105941.51548437,2147774.14486788,1540967.66645883,410542.512218521,9333082.95255001,1307791.56851303,478503.88280816
"FT511",129675742.865011,561569.407095022,519059.419112553,727568.873490175,37011.5927764356,823562.462617626,0,0
"FT512",2533974.39703394,0,0,0,0,0,0,0
"FT513",70980898.4330079,288004.40751789,235677.443955123,319755.356265489,35753.8157491402,409011.105189722,8305.26023973264,0
"FT514",16245438.8078093,30626.6564965628,22607.1138449625,65993.0624543688,0,25386.6641225627,0,0
"FT515",2270824.88752293,7254.04491039885,0,0,0,9710.49497445213,7185.98385944909,0
"FT516",4964645.4250781,0,23451.0790326871,0,0,1484.91761799353,0,2520.77533698091
"FT517",3517107.12234585,0,15782.2552295566,4729.26011612471,0,0,0,2144.99722877988
"FT518",12717816.5754241,28891.804571875,544521.97758113,124546.703799955,41049.2120502179,121935.418783804,66605.0357294171,126397.342262891
"FT519",6491018.17754302,12632.8675863648,289047.504373782,66615.0879644781,17737.9006668092,74029.0969903571,32890.6781890872,75247.6609179694
"FT520",3570719.65332031,0,0,0,8531.87143695896,0,7256.56128356798,21297.6072970132
"FT521",2186527.31347088,18643.3222211521,10197.6715508185,0,0,16706.6576477733,0,0
"FT522",5516032.83291666,0,0,0,9309.59507206319,0,0,73102.327870245
"FT523",2054077.03598012,5237.80327263397,0,0,0,0,0,8712.67140474394
"FT524",17783128.367473,1782878.14674448,2310427.40349159,0,30784.4978623267,9565465.40318081,0,15913.034895264
"FT525",5730652.2264209,445519.130422125,771803.467323043,491611.672130017,94951.7432860597,2837117.2080375,379808.203900573,120002.218087149
"FT526",34155327.4380217,10754.7365481898,0,0,0,0,26297.3168910817,420921.671113701
"FT527",15401722.7926562,0,0,0,0,5978.39457423506,7650.59501227473,109847.617136979
"FT528",2906411.7183571,678481.484127369,308025.453222042,255263.887137272,159438.320869347,2311889.69189322,333484.534074903,190366.285665479
"FT529",2388393.95956682,432770.745700122,392378.361100994,173474.811931215,33056.4111755944,775713.258034395,135690.988343971,38176.7009549774
"FT530",1791377.07551604,312636.482680325,274421.62938412,332362.78391056,152561.05099499,1050234.77027729,847185.16811214,449731.498011704
"FT531",14086.2468067996,87255.2359206204,1157434.98753436,2115947.54591404,3905350.04245313,1486232.90634793,4910750.73951883,7136413.29769508
"FT532",2254.59982702063,26868.9744905455,471052.011049418,825029.568561352,1191422.68366667,654827.098948724,2254440.88411167,3167958.63877217
