"","name","xend","yend","coord","cos2","contrib","PC1_Vector_corr","PC2_Vector_corr","abs_PC1_Vector_corr","abs_PC2_Vector_corr"
"1","FT001",-13.6837485877214,0.477109963171013,0.976664031804706,0.976664031804706,0.20025437335127,-0.987662969835233,0.0344367510220333,0.987662969835233,0.0344367510220333
"2","FT002",-13.8382974656681,-0.170642948348313,0.997789034624618,0.997789034624618,0.204585826198907,-0.998817968978857,-0.012316633857068,0.998817968978857,0.012316633857068
"3","FT003",-13.8368443867223,0.00139486401424541,0.997427844129405,0.997427844129405,0.204511768002922,-0.998713088926594,0.000100678226144999,0.998713088926594,0.000100678226144999
"4","FT004",-13.5507740935002,2.08278132678157,0.979210748026098,0.979210748026098,0.200776549907804,-0.978065162404547,0.150330589424327,0.978065162404547,0.150330589424327
"5","FT005",-13.8382577440077,-0.171487289116047,0.997784812296946,0.997784812296946,0.204584960456385,-0.998815101956503,-0.0123775765223667,0.998815101956503,0.0123775765223667
"6","FT006",-13.8369752633784,-0.153312834902732,0.997569154130787,0.997569154130787,0.204540742087001,-0.998722535316664,-0.0110657842668758,0.998722535316664,0.0110657842668758
"7","FT007",-13.8385423877965,-0.169931357912038,0.997823086477554,0.997823086477554,0.204592808162253,-0.998835646921061,-0.0122652728196232,0.998835646921061,0.0122652728196232
"8","FT008",-13.8433015864784,-0.179401902004029,0.998526657031277,0.998526657031277,0.20473706767807,-0.999179155446817,-0.0129488359269026,0.999179155446817,0.0129488359269026
"9","FT009",-13.8382974656681,-0.170642948348318,0.997789034624618,0.997789034624618,0.204585826198907,-0.998817968978857,-0.0123166338570683,0.998817968978857,0.0123166338570683
"10","FT010",-13.8433342384099,-0.171623370352739,0.998517141948846,0.998517141948846,0.204735116713555,-0.99918151219164,-0.012387398567657,0.99918151219164,0.012387398567657
"11","FT011",-13.8429495280854,-0.145000093713695,0.998417738171939,0.998417738171939,0.204714735046569,-0.999153744643941,-0.0104657888345128,0.999153744643941,0.0104657888345128
"12","FT012",-13.8403260669477,-0.162391411067269,0.998067233586233,0.998067233586233,0.2046428678805,-0.998964388971271,-0.0117210559885872,0.998964388971271,0.0117210559885872
"13","FT013",-13.756019556153,0.643092684472298,0.987963903428344,0.987963903428344,0.202571289544815,-0.992879329874037,0.0464170199089421,0.992879329874037,0.0464170199089421
"14","FT014",0.941905086212518,11.4016271588734,0.681859477813023,0.681859477813023,0.139807895035061,0.0679846438852526,0.82294444892035,0.0679846438852526,0.82294444892035
"15","FT015",-13.8307184623521,0.0281321752472591,0.996548978953236,0.996548978953236,0.204331566224846,-0.998270933137361,0.00203051872624766,0.998270933137361,0.00203051872624766
"16","FT016",-13.8418327339257,-0.0957066212757443,0.998194851856172,0.998194851856172,0.204669034623456,-0.999073136890193,-0.00690789407567141,0.999073136890193,0.00690789407567141
"17","FT017",-13.8421744109774,-0.139971558024442,0.998298478128171,0.998298478128171,0.204690282067291,-0.999097798390624,-0.0101028401541179,0.999097798390624,0.0101028401541179
"18","FT018",-13.8395826557115,-0.157473768004898,0.997951837349051,0.997951837349051,0.204619207132882,-0.998910731178259,-0.0113661112948554,0.998910731178259,0.0113661112948554
"19","FT019",-13.8458471525226,0.157870398314326,0.998856023636984,0.998856023636984,0.204804600730461,-0.999362888822437,0.0113947392009314,0.999362888822437,0.0113947392009314
"20","FT020",13.0253452983759,3.12978572429064,0.934896138181537,0.934896138181537,0.191690319499246,0.940140864036841,0.225901071156376,0.940140864036841,0.225901071156376
"21","FT021",-13.8400011351946,-0.168763706673253,0.998031370458345,0.998031370458345,0.204635514534858,-0.998940936109779,-0.0121809943134203,0.998940936109779,0.0121809943134203
"22","FT022",-13.8394155539275,-0.213192516001836,0.998035336618183,0.998035336618183,0.204636327752942,-0.99889867013788,-0.015387768355373,0.99889867013788,0.015387768355373
"23","FT023",-13.8383305081292,-0.176230867949548,0.997803896709802,0.997803896709802,0.204588873508379,-0.99882035391125,-0.0127199576417148,0.99882035391125,0.0127199576417148
"24","FT024",-13.838356818267,-0.173201605085397,0.997802175730776,0.997802175730776,0.204588520640284,-0.998822252919307,-0.0125013120901952,0.998822252919307,0.0125013120901952
"25","FT025",-13.843121857074,-0.181091803646716,0.998503907252141,0.998503907252141,0.20473240308245,-0.999166182972485,-0.0130708093221638,0.999166182972485,0.0130708093221638
"26","FT026",-13.8171026405769,0.254602720943892,0.994921401816476,0.994921401816476,0.203997849174777,-0.997288172975915,0.0183766661513509,0.997288172975915,0.0183766661513509
"27","FT027",1.51831387557397,-0.491878608561061,0.0132700969875416,0.0132700969875416,0.00272088954851785,0.109588566457369,-0.0355027194642968,0.109588566457369,0.0355027194642968
"28","FT028",-10.4771008129577,1.67027014201129,0.586393716848956,0.586393716848956,0.12023367553295,-0.756214164404792,0.120556436586847,0.756214164404792,0.120556436586847
"29","FT029",-13.2444660600513,1.5203201774565,0.925894282461026,0.925894282461026,0.189844586557716,-0.955956520166561,0.109733376928197,0.955956520166561,0.109733376928197
"30","FT030",-13.7205031478758,0.68577855687876,0.983175501149734,0.983175501149734,0.201589479560593,-0.990315833398489,0.0494979925854501,0.990315833398489,0.0494979925854501
"31","FT031",-13.84392562269,-0.170412274442713,0.998600285509148,0.998600285509148,0.204752164399375,-0.999224197012296,-0.0122999843203414,0.999224197012296,0.0122999843203414
"32","FT032",8.88263867064114,9.82738999257853,0.914180984880144,0.914180984880144,0.187442901852893,0.641129383017962,0.709319461957129,0.641129383017962,0.709319461957129
"33","FT033",-13.5815236224168,1.01436560066082,0.966318279206128,0.966318279206128,0.198133088921816,-0.980284595979797,0.0732146849399399,0.980284595979797,0.0732146849399399
"34","FT034",-12.9003188189069,1.55657256876246,0.879600880469825,0.879600880469825,0.180352626268244,-0.931116726884017,0.112349995045034,0.931116726884017,0.112349995045034
"35","FT035",-13.8381588136716,0.148748715367093,0.997732613062449,0.997732613062449,0.204574257569156,-0.998807961381757,0.0107363561261617,0.998807961381757,0.0107363561261617
"36","FT036",-13.8347130045968,0.193143068355002,0.997314918167874,0.997314918167874,0.20448861375855,-0.998559250438081,0.0139406431849941,0.998559250438081,0.0139406431849941
"37","FT037",0.2667159821077,1.03432763511724,0.00594404383244408,0.00594404383244408,0.00121876175847192,0.0192509747824063,0.0746555008178985,0.0192509747824063,0.0746555008178985
"38","FT038",-13.4433809419499,0.437925283507229,0.942507889664415,0.942507889664415,0.193251026634629,-0.970313760197752,0.0316084867609154,0.970313760197752,0.0316084867609154
"39","FT039",7.03479710760956,3.16997632019316,0.310166717581661,0.310166717581661,0.0635963234449858,0.507756230608074,0.228801940246017,0.507756230608074,0.228801940246017
"40","FT040",-13.1394874310508,0.793100108057395,0.902700374389461,0.902700374389461,0.185088927113746,-0.948379392903279,0.0572442268344137,0.948379392903279,0.0572442268344137
"41","FT041",-13.8382255993219,0.290200008759288,0.998065708064143,0.998065708064143,0.204642555088731,-0.998812781823563,0.0209460003346303,0.998812781823563,0.0209460003346303
"42","FT042",9.93362742301552,2.92790175270691,0.558731168512476,0.558731168512476,0.114561769839664,0.716987446748023,0.21132952874179,0.716987446748023,0.21132952874179
"43","FT043",-13.8384449512563,-0.171086920252146,0.997811090342733,0.997811090342733,0.204590348484838,-0.998828614165228,-0.012348678775626,0.998828614165228,0.012348678775626
"44","FT044",-13.8382974656681,-0.170642948348318,0.997789034624618,0.997789034624618,0.204585826198907,-0.998817968978857,-0.0123166338570683,0.998817968978857,0.0123166338570683
"45","FT045",-8.88434788884022,1.49276012525566,0.422813892663468,0.422813892663468,0.0866934056771578,-0.64125275063991,0.107744152788993,0.64125275063991,0.107744152788993
"46","FT046",-10.1114815276748,-8.84031144041794,0.939782704879119,0.939782704879119,0.192692257033544,-0.72982456605631,-0.638074296347877,0.72982456605631,0.638074296347877
"47","FT047",-13.8314701407914,0.250827302386944,0.996980941054516,0.996980941054516,0.20442013537154,-0.998325187638968,0.0181041647179592,0.998325187638968,0.0181041647179592
"48","FT048",-12.2633407549409,-5.87654136399094,0.963382875468119,0.963382875468119,0.197531216203106,-0.885141046876197,-0.424155870645485,0.885141046876197,0.424155870645485
"49","FT049",-13.4275975616435,-0.307553770427089,0.939792085094547,0.939792085094547,0.192694180345042,-0.96917455041415,-0.0221985568016508,0.96917455041415,0.0221985568016508
"50","FT050",-13.3046678599549,3.10859173924573,0.972521955219415,0.972521955219415,0.199405085444734,-0.960301754084079,0.224371335786137,0.960301754084079,0.224371335786137
"51","FT051",-13.8051682474418,0.603880681345457,0.994766124929278,0.994766124929278,0.203966011332152,-0.996426774646982,0.0435867835001707,0.996426774646982,0.0435867835001707
"52","FT052",-13.7745375658405,0.701709775977523,0.991030501055696,0.991030501055696,0.203200062148482,-0.994215919210367,0.0506478730489292,0.994215919210367,0.0506478730489292
"53","FT053",-13.700288165661,1.19979416775412,0.985336994742066,0.985336994742066,0.202032670392588,-0.988856760305945,0.0865985123388144,0.988856760305945,0.0865985123388144
"54","FT054",-13.7566263044667,-0.606481077226328,0.987812534059617,0.987812534059617,0.202540252896498,-0.992923123636956,-0.0437744743731784,0.992923123636956,0.0437744743731784
"55","FT055",-2.36427911821418,-3.56574595837038,0.0953590505297049,0.0953590505297049,0.0195523396842126,-0.170648482792951,-0.257367724958217,0.170648482792951,0.257367724958217
"56","FT056",-13.4318328655544,2.99136112450989,0.986509025479818,0.986509025479818,0.202272982591352,-0.969480245364035,0.2159098870564,0.969480245364035,0.2159098870564
"57","FT057",-13.491007030711,1.43186203245685,0.958872553541527,0.958872553541527,0.196606423580864,-0.973751306858733,0.103348661976999,0.973751306858733,0.103348661976999
"58","FT058",-13.8357702200365,0.0192272678788748,0.997274903502047,0.997274903502047,0.204480409185054,-0.998635557930451,0.00138778203745333,0.998635557930451,0.00138778203745333
"59","FT059",-13.7324506425434,0.361797475235723,0.983116107148808,0.983116107148808,0.201577301464493,-0.991178177367309,0.026113748479042,0.991178177367309,0.026113748479042
"60","FT060",-13.8410165630767,-0.00496793835907442,0.998029555259174,0.998029555259174,0.204635142347944,-0.999014227467866,-0.000358574897969451,0.999014227467866,0.000358574897969451
"61","FT061",-13.8313690172941,0.20950102274079,0.996867261485118,0.996867261485118,0.204396826608043,-0.998317888766658,0.0151213244658234,0.998317888766658,0.0151213244658234
"62","FT062",-13.8327105159598,-0.0473241354261405,0.996843610889801,0.996843610889801,0.20439197730983,-0.998414715198956,-0.00341575233133174,0.998414715198956,0.00341575233133174
"63","FT063",-13.8304076695405,-0.017862498976977,0.996501731569433,0.996501731569433,0.204321878660926,-0.998248500793666,-0.00128927601053051,0.998248500793666,0.00128927601053051
"64","FT064",4.10380364775579,5.81245049786675,0.26374190679854,0.26374190679854,0.0540774192071116,0.296203549223355,0.419529932455395,0.296203549223355,0.419529932455395
"65","FT065",-13.842314414073,-0.155321698866494,0.998342284430985,0.998342284430985,0.204699264074853,-0.999107903507089,-0.0112107796631099,0.999107903507089,0.0112107796631099
"66","FT066",-13.8048420202031,0.928068131089469,0.997306507181034,0.997306507181034,0.204486889176868,-0.996403228280189,0.0669859228036207,0.996403228280189,0.0669859228036207
"67","FT067",-13.6469548504568,-1.94726852526697,0.989993521145315,0.989993521145315,0.202987440658012,-0.985007278554068,-0.140549572538742,0.985007278554068,0.140549572538742
"68","FT068",-13.8363452784885,-0.0912892503284478,0.997399294620248,0.997399294620248,0.204505914235526,-0.99867706438863,-0.00658905792630035,0.99867706438863,0.00658905792630035
"69","FT069",1.43860657142958,1.08080133296201,0.0168673443016358,0.0168673443016358,0.00345846611857169,0.103835468011856,0.0780098704292909,0.103835468011856,0.0780098704292909
"70","FT070",-13.8391585100024,0.11034720231699,0.99782492383689,0.99782492383689,0.204593184892869,-0.998880117270966,0.00796461911403442,0.998880117270966,0.00796461911403442
"71","FT071",-13.124761436158,-2.68633989117702,0.935003487652403,0.935003487652403,0.191712330344652,-0.947316502880391,-0.193894123229325,0.947316502880391,0.193894123229325
"72","FT072",-13.3113095586886,-1.68626978643151,0.937914023658758,0.937914023658758,0.192309104204535,-0.960781137335975,-0.121711255839998,0.960781137335975,0.121711255839998
"73","FT073",-13.5419054165114,-1.16985869430722,0.962489458339927,0.962489458339927,0.197348030705001,-0.977425040745113,-0.0844378355024601,0.977425040745113,0.0844378355024601
"74","FT074",-0.982922254866184,-13.202610774339,0.913119279834461,0.913119279834461,0.187225210741433,-0.0709451731837128,-0.95293549741648,0.0709451731837128,0.95293549741648
"75","FT075",-13.4245504537074,-3.09138287289932,0.988659706151943,0.988659706151943,0.202713956351263,-0.968954616844469,-0.223129237545714,0.968954616844469,0.223129237545714
"76","FT076",-13.8456969220841,-0.164578034744987,0.99884561871281,0.99884561871281,0.204802467313542,-0.999352045518783,-0.0118788816912155,0.999352045518783,0.0118788816912155
"77","FT077",-13.838559168362,-0.159881181112869,0.997808237781079,0.997808237781079,0.20458976359799,-0.998836858105488,-0.0115398730944527,0.998836858105488,0.0115398730944527
"78","FT078",-12.1309510454797,-5.8347204081976,0.944006523764971,0.944006523764971,0.193558305312779,-0.875585447927277,-0.42113732575368,0.875585447927277,0.42113732575368
"79","FT079",-13.836910321272,-0.240466476047482,0.997738582431548,0.997738582431548,0.204575481523585,-0.998717847937824,-0.0173563429901058,0.998717847937824,0.0173563429901058
"80","FT080",6.14852889021781,7.58182615386685,0.496418364142766,0.496418364142766,0.101785204731846,0.443787333923932,0.54723958774147,0.443787333923932,0.54723958774147
"81","FT081",-13.8336078363246,-0.274575381015944,0.997354038598319,0.997354038598319,0.204496634978774,-0.998479481815406,-0.0198182489629478,0.998479481815406,0.0198182489629478
"82","FT082",-13.7604692756382,0.721851331650333,0.989161816483259,0.989161816483259,0.202816908632167,-0.993200500869944,0.0521016463746653,0.993200500869944,0.0521016463746653
"83","FT083",-2.89587849991632,-11.4965934995114,0.732254824414982,0.732254824414982,0.150140914604695,-0.209018160570109,-0.829798911162741,0.209018160570109,0.829798911162741
"84","FT084",-2.42773419332473,-10.7407564240678,0.631708682621413,0.631708682621413,0.129525018081349,-0.175228530981723,-0.775244248318813,0.175228530981723,0.775244248318813
"85","FT085",-13.8473376919936,-0.264585571931346,0.999305929079797,0.999305929079797,0.204896848964843,-0.999470472693273,-0.0190972064470517,0.999470472693273,0.0190972064470517
"86","FT086",8.7065934726415,10.1489509848922,0.931514027824317,0.931514027824317,0.190996854430262,0.628422826626128,0.732529029322077,0.628422826626128,0.732529029322077
"87","FT087",-13.8333268831901,-0.178636446196205,0.997087025108884,0.997087025108884,0.204441886757009,-0.998459203234177,-0.0128935870050456,0.998459203234177,0.0128935870050456
"88","FT088",-13.8367214808788,-0.17218274466938,0.997564564297195,0.997564564297195,0.204539800991374,-0.998704217852297,-0.0124277729793382,0.998704217852297,0.0124277729793382
"89","FT089",-13.8342194526749,-0.175240360086748,0.99720941722821,0.99720941722821,0.20446698193443,-0.998523626942531,-0.0126484649559828,0.998523626942531,0.0126484649559828
"90","FT090",-13.8390112206182,-0.173744792648332,0.997897515149829,0.997897515149829,0.204608068954747,-0.998869486246161,-0.0125405181774853,0.998869486246161,0.0125405181774853
"91","FT091",-13.6352872167993,-2.27320696912708,0.995501648369062,0.995501648369062,0.204116822440908,-0.984165134339324,-0.164075094758231,0.984165134339324,0.164075094758231
"92","FT092",-13.8315425512303,-0.362869532893714,0.997349590795184,0.997349590795184,0.204495723004952,-0.998330414065678,-0.0261911272501835,0.998330414065678,0.0261911272501835
"93","FT093",0.165327884948351,1.97768187419086,0.0205184577814893,0.0205184577814893,0.00420708736204209,0.0119330042347597,0.142744741379227,0.0119330042347597,0.142744741379227
"94","FT094",-13.8194452610871,0.573928514995754,0.996637004401361,0.996637004401361,0.204349614888848,-0.997457258187872,0.0414249018066929,0.997457258187872,0.0414249018066929
"95","FT095",-13.84149227365,0.300461960344075,0.998568343987901,0.998568343987901,0.204745615136668,-0.999048563213995,0.0216866854994857,0.999048563213995,0.0216866854994857
"96","FT096",-13.8368691774324,0.168651015955154,0.997579586603092,0.997579586603092,0.204542881152366,-0.998714878265692,0.0121728605444755,0.998714878265692,0.0121728605444755
"97","FT097",-13.8382478511915,-0.167110443003011,0.997775665276873,0.997775665276873,0.204583084959067,-0.998814387914719,-0.0120616653666771,0.998814387914719,0.0120616653666771
"98","FT098",10.7042738139255,-8.20007581540722,0.947230172221058,0.947230172221058,0.194219279486555,0.77261101351115,-0.591863492726432,0.77261101351115,0.591863492726432
"99","FT099",-13.7341788550808,1.57266910238074,0.995566401641545,0.995566401641545,0.20413009939755,-0.99130291595895,0.11351180754806,0.99130291595895,0.11351180754806
"100","FT100",-13.7343407218955,1.46595009555658,0.993900192435493,0.993900192435493,0.203788461260417,-0.99131459915072,0.105809063629453,0.99131459915072,0.105809063629453
"101","FT101",-13.8382974656681,-0.170642948348318,0.997789034624618,0.997789034624618,0.204585826198907,-0.998817968978857,-0.0123166338570683,0.998817968978857,0.0123166338570683
"102","FT102",-13.8221412585621,-0.0418206370507569,0.995318324034388,0.995318324034388,0.204079233773194,-0.997651849374327,-0.00301852188566335,0.997651849374327,0.00301852188566335
"103","FT103",8.09314548604685,8.30468121642186,0.700522721733532,0.700522721733532,0.143634590904158,0.584145496010512,0.599413681212037,0.584145496010512,0.599413681212037
"104","FT104",-13.7325404095776,0.454022141724001,0.983520917439469,0.983520917439469,0.201660303426727,-0.991184656555015,0.0327703226927491,0.991184656555015,0.0327703226927491
"105","FT105",4.3189540978903,-10.8242271454716,0.70755845914218,0.70755845914218,0.145077192597219,0.311732636971424,-0.781268981970373,0.311732636971424,0.781268981970373
"106","FT106",-13.6403007759287,0.213869015825287,0.969531706270168,0.969531706270168,0.198791967309945,-0.98452700204447,0.0154365966293243,0.98452700204447,0.0154365966293243
"107","FT107",-13.7675874617142,1.00440918150625,0.992723739812745,0.992723739812745,0.203547242402065,-0.993714275933452,0.0724960524359817,0.993714275933452,0.0724960524359817
"108","FT108",-13.7193653774397,0.148126702158966,0.980677110964133,0.980677110964133,0.201077211733876,-0.990233711623105,0.0106914605766361,0.990233711623105,0.0106914605766361
"109","FT109",-13.8354356816889,-0.2327113393718,0.99750687712726,0.99750687712726,0.204527972862468,-0.998611411686032,-0.0167965942289035,0.998611411686032,0.0167965942289035
"110","FT110",-13.8370182475444,-0.225170237254208,0.997717036698695,0.997717036698695,0.204571063804605,-0.998725637819525,-0.016252294012808,0.998725637819525,0.016252294012808
"111","FT111",-13.8386832899301,-0.252678489224365,0.998025582589504,0.998025582589504,0.204634327795089,-0.998845816928118,-0.0182377793249396,0.998845816928118,0.0182377793249396
"112","FT112",-13.8312390901125,-0.484123047252726,0.997840892010107,0.997840892010107,0.204596458993703,-0.998308510907568,-0.0349429400540406,0.998308510907568,0.0349429400540406
"113","FT113",-13.8359590668471,0.647904225933239,0.99948710200521,0.99948710200521,0.204933996509408,-0.99864918847917,0.0467643064217229,0.99864918847917,0.0467643064217229
"114","FT114",-13.8192501937459,0.834004399223688,0.998516526366229,0.998516526366229,0.204734990495011,-0.997443178654893,0.0601966088833325,0.997443178654893,0.0601966088833325
"115","FT115",-13.8408102862857,-0.148832355433783,0.998115078054622,0.998115078054622,0.204652677870142,-0.998999338861381,-0.0107423930827847,0.998999338861381,0.0107423930827847
"116","FT116",-0.906441350174195,-13.1835382035011,0.909744728122211,0.909744728122211,0.186533295490669,-0.0654249491764144,-0.951558881072251,0.0654249491764144,0.951558881072251
"117","FT117",0.5557824920902,-13.1919601437823,0.908230761722136,0.908230761722136,0.186222873090694,0.0401151616606572,-0.952166758255651,0.0401151616606572,0.952166758255651
"118","FT118",-1.34502884365279,-13.1487633385504,0.910118594718354,0.910118594718354,0.18660995278375,-0.0970812328010895,-0.949048907568085,0.0970812328010895,0.949048907568085
"119","FT119",-8.29813768303918,1.44958489766366,0.36967776964265,0.36967776964265,0.0757984196109793,-0.598941383319941,0.104627859528161,0.598941383319941,0.104627859528161
"120","FT120",-13.8437774989981,-0.184282440778055,0.998604549439265,0.998604549439265,0.204753038672028,-0.999213505768995,-0.0133011025144571,0.999213505768995,0.0133011025144571
"121","FT121",-13.8031596543296,-0.768911950986336,0.995657492658088,0.995657492658088,0.204148776623128,-0.99628179880022,-0.0554983786924009,0.99628179880022,0.0554983786924009
"122","FT122",-13.3094934223703,-2.88304639800764,0.966150790533294,0.966150790533294,0.198098747184914,-0.960650052598614,-0.208091967590232,0.960650052598614,0.208091967590232
"123","FT123",11.2433169365584,-2.46991744631103,0.690342749196992,0.690342749196992,0.141547297879482,0.811517964187413,-0.178273225690536,0.811517964187413,0.178273225690536
"124","FT124",-13.8384260574841,-0.172526802637712,0.997810943654249,0.997810943654249,0.204590318407954,-0.998827250454182,-0.0124526063291049,0.998827250454182,0.0124526063291049
"125","FT125",-13.8086545158825,-0.725851298002008,0.996112594021021,0.996112594021021,0.204242090224609,-0.996678405858982,-0.0523903551755331,0.996678405858982,0.0523903551755331
"126","FT126",-13.8382047617169,-0.171160643054671,0.997776589996449,0.997776589996449,0.204583274562792,-0.998811277810919,-0.0123539999258664,0.998811277810919,0.0123539999258664
"127","FT127",-13.8382663314598,-0.168836057156297,0.997781349945285,0.997781349945285,0.204584250538707,-0.998815721779963,-0.0121862164126494,0.998815721779963,0.0121862164126494
"128","FT128",-13.8495507683873,-0.124509149033829,0.999341314663312,0.999341314663312,0.204904104395187,-0.99963020769494,-0.00898679737632383,0.99963020769494,0.00898679737632383
"129","FT129",-13.8382974656681,-0.170642948348318,0.997789034624618,0.997789034624618,0.204585826198907,-0.998817968978857,-0.0123166338570683,0.998817968978857,0.0123166338570683
"130","FT130",-13.8002911933239,-0.898088449790398,0.996366825493686,0.996366825493686,0.204294217632384,-0.996074759574264,-0.0648220551414274,0.996074759574264,0.0648220551414274
"131","FT131",-13.3582728009304,0.0916822400487796,0.929669201286256,0.929669201286256,0.190618592745291,-0.964170841188566,0.00661742306263776,0.964170841188566,0.00661742306263776
"132","FT132",-13.8392672793218,-0.170318107216573,0.997928295078871,0.997928295078871,0.204614380045564,-0.99888796800195,-0.0122931875364313,0.99888796800195,0.0122931875364313
"133","FT133",6.78156688125573,8.55574997583652,0.62093914172214,0.62093914172214,0.127316840454412,0.489478628106878,0.617535273768834,0.489478628106878,0.617535273768834
"134","FT134",-9.15496806471522,8.2002543390461,0.786955152551061,0.786955152551061,0.161356623974843,-0.660785521568036,0.591876378171253,0.660785521568036,0.591876378171253
"135","FT135",-12.6599041071286,0.0643090561706382,0.834986412483611,0.834986412483611,0.171204913197997,-0.913764120125361,0.00464168666923527,0.913764120125361,0.00464168666923527
"136","FT136",-13.7680067148747,-0.627294682203137,0.989578188755796,0.989578188755796,0.20290228125346,-0.993744536707315,-0.0452767547441302,0.993744536707315,0.0452767547441302
"137","FT137",-0.64864400958152,-2.82544399445057,0.0437811173458875,0.0437811173458875,0.00897684355439871,-0.0468177023833933,-0.20393435240152,0.0468177023833933,0.20393435240152
"138","FT138",11.082166611237,-6.55829236310041,0.863891076190466,0.863891076190466,0.177131501184298,0.799886487046739,-0.473363162942041,0.799886487046739,0.473363162942041
"139","FT139",-13.8454123137496,-0.304278938468359,0.999145790755316,0.999145790755316,0.204864014337198,-0.999331503113239,-0.0219621866113235,0.999331503113239,0.0219621866113235
"140","FT140",-13.8381733621974,-0.175118044093959,0.997779201788339,0.997779201788339,0.204583810082409,-0.998809011462453,-0.0126396364558155,0.998809011462453,0.0126396364558155
"141","FT141",-10.5725648817754,7.34059972975874,0.863046683053259,0.863046683053259,0.176958367524158,-0.763104551575865,0.529828393366624,0.763104551575865,0.529828393366624
"142","FT142",-13.8383388912773,-0.172523582136249,0.997798369729951,0.997798369729951,0.20458774026107,-0.998820958988494,-0.0124523738803706,0.998820958988494,0.0124523738803706
"143","FT143",-13.8393301384736,-0.149395720594085,0.997902510907364,0.997902510907364,0.204609093280679,-0.998892505037695,-0.010783055544811,0.998892505037695,0.010783055544811
"144","FT144",-11.9875602425782,0.960562832402608,0.753439845938711,0.753439845938711,0.154484673636987,-0.86523581417503,0.0693313190959527,0.86523581417503,0.0693313190959527
"145","FT145",-13.8353997923526,-0.134646442993149,0.997314026874342,0.997314026874342,0.204488431008472,-0.998608821272434,-0.00971848502709947,0.998608821272434,0.00971848502709947
"146","FT146",-13.8375921048849,-0.171981439204679,0.997689723921765,0.997689723921765,0.204565463615747,-0.998767057584107,-0.012413243192282,0.998767057584107,0.012413243192282
"147","FT147",-13.579348893904,0.585534990328218,0.962436298865769,0.962436298865769,0.197337130931037,-0.980127628844088,0.0422626317476294,0.980127628844088,0.0422626317476294
"148","FT148",-13.6420820650721,1.82108713850728,0.98682361419138,0.98682361419138,0.202337485596731,-0.984655571589151,0.131442076709943,0.984655571589151,0.131442076709943
"149","FT149",-13.8381508115869,-0.196835178201233,0.997818032538724,0.997818032538724,0.204591771906877,-0.99880738380883,-0.0142071315783104,0.99880738380883,0.0142071315783104
"150","FT150",-13.8271873622655,0.46166024424169,0.997146398783063,0.997146398783063,0.204454060685329,-0.998016066075458,0.0333216241850387,0.998016066075458,0.0333216241850387
"151","FT151",5.32558749695077,-9.43119769782965,0.611139114319698,0.611139114319698,0.125307451061138,0.384389228553611,-0.68072317082031,0.384389228553611,0.68072317082031
"152","FT152",-13.8409817886266,-0.142026374428095,0.998129497874279,0.998129497874279,0.204655634497861,-0.999011717524308,-0.0102511522967072,0.999011717524308,0.0102511522967072
"153","FT153",-13.58300265127,0.505764318437095,0.962499809343712,0.962499809343712,0.197350153066129,-0.980391349039477,0.0365049595570986,0.980391349039477,0.0365049595570986
"154","FT154",-13.8354810906755,-0.325405511854345,0.997782939316498,0.997782939316498,0.204584576422046,-0.998614689207122,-0.0234870563558296,0.998614689207122,0.0234870563558296
"155","FT155",-13.8370632100159,-0.251461310608119,0.9977888017777,0.9977888017777,0.204585778456171,-0.998728883112128,-0.0181499260412261,0.998728883112128,0.0181499260412261
"156","FT156",5.53448810119995,-9.77446039578576,0.657303064680632,0.657303064680632,0.134772868696991,0.399467216129198,-0.705499119714987,0.399467216129198,0.705499119714987
"157","FT157",8.24237062219133,-10.4456373588157,0.922355682341456,0.922355682341456,0.189119034959204,0.594916239143776,-0.753943201272139,0.594916239143776,0.753943201272139
"158","FT158",-13.7635359678925,1.34562151277258,0.996320041457534,0.996320041457534,0.204284625072878,-0.993421847992777,0.0971240103586595,0.993421847992777,0.0971240103586595
"159","FT159",-13.8373929838283,0.0583498591085619,0.997524663998073,0.997524663998073,0.204531619867531,-0.998752685462841,0.00421156489153432,0.998752685462841,0.00421156489153432
"160","FT160",-13.8383882514468,-0.182252317744656,0.997823467926374,0.997823467926374,0.204592886374199,-0.998824521697302,-0.0131545726851896,0.998824521697302,0.0131545726851896
"161","FT161",-13.8384054833975,-0.183601266090971,0.997828523579653,0.997828523579653,0.204593922981104,-0.998825765461722,-0.0132519368190989,0.998825765461722,0.0132519368190989
"162","FT162",-13.8323831836742,-0.416090747346399,0.9976867188653,0.9976867188653,0.204564847461492,-0.998391089072291,-0.0300325178156126,0.998391089072291,0.0300325178156126
"163","FT163",-13.8382161802339,-0.171699069348015,0.997779198087955,0.997779198087955,0.204583809323686,-0.998812101974441,-0.0123928623551571,0.998812101974441,0.0123928623551571
"164","FT164",-13.8383121968956,-0.170223920163615,0.997790414540506,0.997790414540506,0.204586109135703,-0.998819032246556,-0.012286389321465,0.998819032246556,0.012286389321465
"165","FT165",-13.7932462053329,0.59317456649905,0.992985235544704,0.992985235544704,0.203600859267468,-0.99556626778804,0.0428140396049717,0.99556626778804,0.0428140396049717
"166","FT166",-13.8382906573394,-0.170120293227943,0.997787125121339,0.997787125121339,0.204585434675957,-0.998817477568615,-0.0122789097564624,0.998817477568615,0.0122789097564624
"167","FT167",-13.7850987827636,0.591891278290256,0.991806747082365,0.991806747082365,0.203359222982275,-0.994978204691169,0.0427214146758211,0.994978204691169,0.0427214146758211
"168","FT168",-13.8418960111204,-0.123110510226346,0.998235217099926,0.998235217099926,0.204677311079156,-0.999077704099365,-0.00888584669387962,0.999077704099365,0.00888584669387962
"169","FT169",-13.8080771323151,0.217602549614533,0.993531455521747,0.993531455521747,0.20371285575311,-0.996636731579067,0.0157060749120206,0.996636731579067,0.0157060749120206
"170","FT170",-13.7894671965773,0.188985136853859,0.990795229653464,0.990795229653464,0.203151822297636,-0.995293507221982,0.0136405328059949,0.995293507221982,0.0136405328059949
"171","FT171",1.14217261145686,2.38213946589287,0.0363588130985478,0.0363588130985478,0.00745498052118456,0.0824395147473103,0.171937603527489,0.0824395147473103,0.171937603527489
"172","FT172",8.31393594714826,-7.31974570625756,0.639223406618564,0.639223406618564,0.131065830782495,0.600081667383784,-0.528323195675205,0.600081667383784,0.528323195675205
"173","FT173",6.29845276609965,-10.7596078836981,0.809784076872543,0.809784076872543,0.166037447457033,0.454608510559371,-0.77660490534089,0.454608510559371,0.77660490534089
"174","FT174",-13.4831334936013,1.70144811325312,0.962166683960704,0.962166683960704,0.197281849317195,-0.973183012213812,0.122806794189717,0.973183012213812,0.122806794189717
"175","FT175",-13.8475060723974,-0.0361834586751987,0.99897234039673,0.99897234039673,0.204828450221253,-0.999482626021624,-0.00261164271069147,0.999482626021624,0.00261164271069147
"176","FT176",-13.8385812206345,-0.156546492557521,0.997805920306335,0.997805920306335,0.204589288424914,-0.998838449790164,-0.0112991825862241,0.998838449790164,0.0112991825862241
"177","FT177",-13.8400280683505,-0.136576717777343,0.997984054053476,0.997984054053476,0.204625812818917,-0.998942880085917,-0.00985780802866833,0.998942880085917,0.00985780802866833
"178","FT178",-13.8474572717836,-0.0493893776174925,0.998971186653725,0.998971186653725,0.204828213658756,-0.999479103700319,-0.00356481698441737,0.999479103700319,0.00356481698441737
"179","FT179",-13.7526307745061,-0.546690098846436,0.986880721427342,0.986880721427342,0.202349194816462,-0.992634735045063,-0.0394588926524629,0.992634735045063,0.0394588926524629
"180","FT180",-13.8385488537014,-0.158296448798835,0.997804123698552,0.997804123698552,0.204588920049962,-0.998836113615899,-0.0114254905907375,0.998836113615899,0.0114254905907375
"181","FT181",-6.54565353778653,-11.6486737438905,0.930113699772095,0.930113699772095,0.190709732341753,-0.472450920242995,-0.840775729748215,0.472450920242995,0.840775729748215
"182","FT182",-12.3642923718826,1.58074076140207,0.809444398998486,0.809444398998486,0.165967800190833,-0.892427513238768,0.114094402198159,0.892427513238768,0.114094402198159
"183","FT183",-13.8293965100635,-0.162405539357565,0.996491770835334,0.996491770835334,0.204319836320367,-0.998175517519707,-0.0117220757376028,0.998175517519707,0.0117220757376028
"184","FT184",-13.840021340073,-0.163645696076542,0.998025421036681,0.998025421036681,0.204634294670434,-0.9989423944536,-0.0118115875303892,0.9989423944536,0.0118115875303892
"185","FT185",-13.8306292415609,-0.0325066693446167,0.996537503672349,0.996537503672349,0.204329213342884,-0.998264493376282,-0.00234626011860266,0.998264493376282,0.00234626011860266
"186","FT186",-13.8396810806635,-0.169154472713211,0.99798590617044,0.99798590617044,0.204626192575425,-0.998917835275482,-0.012209198949384,0.998917835275482,0.012209198949384
"187","FT187",-13.8383326375287,-0.170508190481754,0.997793866383601,0.997793866383601,0.204586816898714,-0.998820507606636,-0.0123069073297322,0.998820507606636,0.0123069073297322
"188","FT188",-13.8384254208324,-0.179304450294024,0.997823274694367,0.997823274694367,0.20459284675407,-0.998827204502055,-0.0129418020761487,0.998827204502055,0.0129418020761487
"189","FT189",-13.8460375999436,-0.16425902147675,0.998894219705256,0.998894219705256,0.204812432420242,-0.999376634899704,-0.0118558560129882,0.999376634899704,0.0118558560129882
"190","FT190",-13.8382642284336,-0.168720655032662,0.997780843781077,0.997780843781077,0.204584146755222,-0.998815569988146,-0.0121778869403982,0.998815569988146,0.0121778869403982
"191","FT191",8.50670510302756,-9.70918141216769,0.868093272084438,0.868093272084438,0.177993115903427,0.613995322386129,-0.700787425809276,0.613995322386129,0.700787425809276
"192","FT192",-13.8378091437966,-0.167917078576685,0.997713819367177,0.997713819367177,0.204570404125651,-0.998782722976875,-0.0121198865537416,0.998782722976875,0.0121198865537416
"193","FT193",-13.8382974656681,-0.170642948348318,0.997789034624618,0.997789034624618,0.204585826198907,-0.998817968978857,-0.0123166338570683,0.998817968978857,0.0123166338570683
"194","FT194",9.55985080709303,-9.50345063233643,0.946623771194605,0.946623771194605,0.194094943529053,0.690009070159883,-0.685938229209962,0.690009070159883,0.685938229209962
"195","FT195",-13.8382974656681,-0.170642948348318,0.997789034624618,0.997789034624618,0.204585826198907,-0.998817968978857,-0.0123166338570683,0.998817968978857,0.0123166338570683
"196","FT196",12.4232371183874,-3.07939387475668,0.853439877786548,0.853439877786548,0.174988596235419,0.896682015798201,-0.222263897947066,0.896682015798201,0.222263897947066
"197","FT197",9.58276715996143,-8.24776112627594,0.832786291467418,0.832786291467418,0.170753802231434,0.691663122263128,-0.59530531390929,0.691663122263128,0.59530531390929
"198","FT198",-13.7447492724591,1.12539567425164,0.990792765698641,0.990792765698641,0.203151317090407,-0.992065865508433,0.081228592205244,0.992065865508433,0.081228592205244
"199","FT199",-13.8382974656681,-0.170642948348318,0.997789034624618,0.997789034624618,0.204585826198907,-0.998817968978857,-0.0123166338570683,0.998817968978857,0.0123166338570683
"200","FT200",-13.8415972397375,-0.02481422569963,0.998116377556247,0.998116377556247,0.204652944318864,-0.999056139436043,-0.001791036402894,0.999056139436043,0.001791036402894
"201","FT201",-13.4757937694764,0.504415658312034,0.947379853457218,0.947379853457218,0.194249970001587,-0.972653247019682,0.0364076162263674,0.972653247019682,0.0364076162263674
"202","FT202",12.192082700209,-4.0592761507072,0.860239058493233,0.860239058493233,0.176382694540855,0.879997796727307,-0.292989652118157,0.879997796727307,0.292989652118157
"203","FT203",7.90762106281277,-9.23315296391602,0.769888244946111,0.769888244946111,0.157857239564057,0.570754749925571,-0.666428736162772,0.570754749925571,0.666428736162772
"204","FT204",-13.8287599736511,-0.0558024839846275,0.99627886830362,0.99627886830362,0.204276182963957,-0.998129573717137,-0.00402770094050799,0.998129573717137,0.00402770094050799
"205","FT205",-13.8382974656681,-0.170642948348318,0.997789034624618,0.997789034624618,0.204585826198907,-0.998817968978857,-0.0123166338570683,0.998817968978857,0.0123166338570683
"206","FT206",-13.8382974656681,-0.170642948348318,0.997789034624618,0.997789034624618,0.204585826198907,-0.998817968978857,-0.0123166338570683,0.998817968978857,0.0123166338570683
"207","FT207",3.58929019192589,4.64582823203035,0.179559082192385,0.179559082192385,0.036816643505876,0.259067096112755,0.335325695263709,0.259067096112755,0.335325695263709
"208","FT208",-13.8382039099693,-0.167651028342454,0.997770272418246,0.997770272418246,0.20458197921186,-0.998811216333649,-0.0121006836311812,0.998811216333649,0.0121006836311812
"209","FT209",3.4874009708279,4.63000224987441,0.175037963887216,0.175037963887216,0.0358896372032321,0.251712955537991,0.334183410572018,0.251712955537991,0.334183410572018
"210","FT210",-13.838344635355,0.0791894033361455,0.997676805753636,0.997676805753636,0.204562814885397,-0.998821373583429,0.00571571750073212,0.998821373583429,0.00571571750073212
"211","FT211",-13.5736348687247,-2.46748071354062,0.991560544302772,0.991560544302772,0.203308741770989,-0.979715203035319,-0.17809734766199,0.979715203035319,0.17809734766199
"212","FT212",-13.8378027429179,0.0947470197127322,0.997612771728821,0.997612771728821,0.204549685402693,-0.998782260975479,0.00683863213889237,0.998782260975479,0.00683863213889237
"213","FT213",-13.7780356430013,-0.163746725646044,0.989107089983465,0.989107089983465,0.202805687556582,-0.99446840274989,-0.0118188796231967,0.99446840274989,0.0118188796231967
"214","FT214",-13.8223991000347,0.187405523564312,0.995529313107879,0.995529313107879,0.204122494795736,-0.997670459806473,0.0135265197822432,0.997670459806473,0.0135265197822432
"215","FT215",-13.8381982543426,-0.169904940214301,0.997773420569975,0.997773420569975,0.204582624706248,-0.998810808122912,-0.0122633660481245,0.998810808122912,0.0122633660481245
"216","FT216",-13.8434792097827,-0.470538945480948,0.99953805404376,0.99953805404376,0.204944443672628,-0.99919197590746,-0.0339624693728928,0.99919197590746,0.0339624693728928
"217","FT217",-8.02697301593795,1.52076528824308,0.347717265808582,0.347717265808582,0.0712956563366492,-0.579369312208967,0.109765504048815,0.579369312208967,0.109765504048815
"218","FT218",-9.56765615010355,-9.4798140850603,0.945063995370217,0.945063995370217,0.193775128403166,-0.690572442704252,-0.684232195053478,0.690572442704252,0.684232195053478
"219","FT219",-13.8365943087778,0.0115203613449674,0.997392472037611,0.997392472037611,0.204504515338909,-0.998695038848886,0.000831514422133958,0.998695038848886,0.000831514422133958
"220","FT220",-13.8443798272233,-0.00319184990504972,0.998514566152487,0.998514566152487,0.204734588574431,-0.999256980499615,-0.000230380727640558,0.999256980499615,0.000230380727640558
"221","FT221",-9.74442444384614,-9.3265620394676,0.947833687469542,0.947833687469542,0.194343023746564,-0.703331190561339,-0.673170798425713,0.703331190561339,0.673170798425713
"222","FT222",-6.76280214225153,-7.46239928273801,0.52837635723175,0.52837635723175,0.108337844811949,-0.48812423038945,-0.538619618040837,0.48812423038945,0.538619618040837
"223","FT223",8.94788806360021,-8.79980538893862,0.820524296709343,0.820524296709343,0.16823961311793,0.645838941134787,-0.635150658366376,0.645838941134787,0.635150658366376
"224","FT224",-13.8379722677812,-0.165455661168122,0.997733063836477,0.997733063836477,0.204574349995484,-0.998794496908412,-0.0119422268421384,0.998794496908412,0.0119422268421384
"225","FT225",-13.7691068030438,0.950300366345298,0.992390691021312,0.992390691021312,0.203478954357403,-0.993823938659289,0.0685905967975986,0.993823938659289,0.0685905967975986
"226","FT226",7.6175542235874,-10.404954574461,0.86631145492539,0.86631145492539,0.177627773608643,0.549818361475909,-0.751006807099201,0.549818361475909,0.751006807099201
"227","FT227",-13.838834611568,-0.174966720188456,0.997874269453091,0.997874269453091,0.204603302676598,-0.998856738992152,-0.0126287142281117,0.998856738992152,0.0126287142281117
"228","FT228",-13.833928412395,0.0273875121627607,0.997011390354426,0.997011390354426,0.204426378670436,-0.998502620293262,0.00197677057756986,0.998502620293262,0.00197677057756986
"229","FT229",-13.8382639301822,-0.168191394417743,0.997779871825343,0.997779871825343,0.204583947466234,-0.998815548461012,-0.0121396860696794,0.998815548461012,0.0121396860696794
"230","FT230",-13.8381921004103,-0.14993228639305,0.997739254127267,0.997739254127267,0.204575619247512,-0.998810363945571,-0.0108217836876967,0.998810363945571,0.0108217836876967
"231","FT231",-13.8370711364144,0.0223054616726367,0.997463116697418,0.997463116697418,0.204519000260662,-0.998729455222193,0.00160995931618551,0.998729455222193,0.00160995931618551
"232","FT232",-13.8381006981643,-0.167371629963769,0.997754903335251,0.997754903335251,0.204578827947982,-0.998803766731869,-0.0120805172688215,0.998803766731869,0.0120805172688215
"233","FT233",-13.8386245506295,-0.153152254925828,0.997806691655665,0.997806691655665,0.204589446581733,-0.998841577254192,-0.0110541939562333,0.998841577254192,0.0110541939562333
"234","FT234",-13.8351522362565,0.239031492967378,0.99748154988542,0.99748154988542,0.204522779786059,-0.998590953216211,0.017252769057753,0.998590953216211,0.017252769057753
"235","FT235",4.48866052721075,6.53395754937842,0.327377032953311,0.327377032953311,0.067125112063892,0.323981674938489,0.471606729444526,0.323981674938489,0.471606729444526
"236","FT236",-13.8382974656681,-0.170642948348318,0.997789034624618,0.997789034624618,0.204585826198907,-0.998817968978857,-0.0123166338570683,0.998817968978857,0.0123166338570683
"237","FT237",-13.8382974656681,-0.170642948348318,0.997789034624618,0.997789034624618,0.204585826198907,-0.998817968978857,-0.0123166338570683,0.998817968978857,0.0123166338570683
"238","FT238",-13.7555875513679,-1.44266799649827,0.99659021440556,0.99659021440556,0.204340021107381,-0.992848148715874,-0.104128612768162,0.992848148715874,0.104128612768162
"239","FT239",-13.8405441548739,-0.0711739424430432,0.997987690903048,0.997987690903048,0.204626558515501,-0.998980130079601,-0.00513717910830775,0.998980130079601,0.00513717910830775
"240","FT240",-13.7911570018161,0.234002920065253,0.991137231141472,0.991137231141472,0.203221945995689,-0.995415473659026,0.0168898176914145,0.995415473659026,0.0168898176914145
"241","FT241",-13.8382974656681,-0.170642948348318,0.997789034624618,0.997789034624618,0.204585826198907,-0.998817968978857,-0.0123166338570683,0.998817968978857,0.0123166338570683
"242","FT242",-13.5705732454309,0.706418852009115,0.962008682558884,0.962008682558884,0.197249452842379,-0.979494221778939,0.050987763831687,0.979494221778939,0.050987763831687
"243","FT243",-13.8404852664513,-0.0766178131649204,0.99798339017698,0.99798339017698,0.204625676698238,-0.998975879642374,-0.00553010576068668,0.998975879642374,0.00553010576068668
"244","FT244",-13.8382933151507,-0.170538513123692,0.997788250555998,0.997788250555998,0.204585665434135,-0.998817669403607,-0.0123090959515413,0.998817669403607,0.0123090959515413
"245","FT245",-13.7671447383921,-1.21002398690853,0.995032285639202,0.995032285639202,0.204020584700722,-0.993682321134789,-0.0873368782552996,0.993682321134789,0.0873368782552996
"246","FT246",-13.8382974656681,-0.170642948348318,0.997789034624618,0.997789034624618,0.204585826198907,-0.998817968978857,-0.0123166338570683,0.998817968978857,0.0123166338570683
"247","FT247",-13.8382872477336,-0.169848884656961,0.997786152811725,0.997786152811725,0.20458523531441,-0.998817231470743,-0.0122593200809041,0.998817231470743,0.0122593200809041
"248","FT248",-13.838272858436,-0.169199143372878,0.997782930444804,0.997782930444804,0.204584574603001,-0.998816192882797,-0.0122124231796531,0.998816192882797,0.0122124231796531
"249","FT249",-13.8050636510664,0.731900100894448,0.995641958234498,0.995641958234498,0.204145591457953,-0.996419225109944,0.0528269445055984,0.996419225109944,0.0528269445055984
"250","FT250",-13.8426820418784,-0.173044063619924,0.998425623977971,0.998425623977971,0.204716351945619,-0.999134438076015,-0.0124899410926455,0.999134438076015,0.0124899410926455
"251","FT251",-13.8461316028442,0.0303617424065388,0.998772022243819,0.998772022243819,0.204787377155311,-0.99938341982296,0.00219144399521651,0.99938341982296,0.00219144399521651
"252","FT252",-13.8380244024757,-0.153005675652757,0.997719925346313,0.997719925346313,0.204571656090488,-0.998798259876353,-0.0110436141856953,0.998798259876353,0.0110436141856953
"253","FT253",-13.8392960013639,-0.168389002136046,0.997929032676073,0.997929032676073,0.204614531281875,-0.998890041095972,-0.0121539489615084,0.998890041095972,0.0121539489615084
"254","FT254",-13.8400574748946,-0.178556740758085,0.998057214457417,0.998057214457417,0.204640813566737,-0.998945002585799,-0.0128878340412857,0.998945002585799,0.0128878340412857
"255","FT255",5.26259654103952,-8.89162535837865,0.556159491227635,0.556159491227635,0.114034475287631,0.379842679471008,-0.641778022434487,0.379842679471008,0.641778022434487
"256","FT256",-13.8393092217962,-0.17392387590639,0.997940809483581,0.997940809483581,0.204616945988602,-0.998890995317787,-0.0125534440143908,0.998890995317787,0.0125534440143908
"257","FT257",-13.8399762114721,0.0303325558311865,0.99788419296835,0.99788419296835,0.204605337385838,-0.998939137170138,0.00218933737220258,0.998939137170138,0.00218933737220258
"258","FT258",-13.8287682594922,-0.687581277066615,0.998726789000096,0.998726789000096,0.204778102568983,-0.998130171770981,-0.0496281089759336,0.998130171770981,0.0496281089759336
"259","FT259",-13.8402582992704,-0.140009301730099,0.998022200375043,0.998022200375043,0.204633634308674,-0.998959497648907,-0.0101055644120347,0.998959497648907,0.0101055644120347
"260","FT260",-13.8009976395513,-0.825930501128706,0.995820319870778,0.995820319870778,0.204182162578154,-0.996125749313993,-0.0596138526218069,0.996125749313993,0.0596138526218069
"261","FT261",-13.8318662123378,-0.0656571524934628,0.996732718505183,0.996732718505183,0.204369240028361,-0.998353775214749,-0.00473898930595718,0.998353775214749,0.00473898930595718
"262","FT262",-13.712299482147,0.697084657811923,0.982084526545789,0.982084526545789,0.201365787043473,-0.989723710793687,0.0503140421608511,0.989723710793687,0.0503140421608511
"263","FT263",-13.7082594413668,0.631838694057972,0.981055690866647,0.981055690866647,0.20115483543934,-0.989432109508431,0.0456047315565323,0.989432109508431,0.0456047315565323
"264","FT264",-13.8242293511453,0.394496954600595,0.996420719781577,0.996420719781577,0.204305268071939,-0.997802563318595,0.0284739252021481,0.997802563318595,0.0284739252021481
"265","FT265",-13.7810243177923,0.5356384524624,0.990891185165195,0.990891185165195,0.203171496935224,-0.994684118743284,0.0386612090484963,0.994684118743284,0.0386612090484963
"266","FT266",-13.8421930563935,-0.109564600220199,0.998261638454352,0.998261638454352,0.204682728491492,-0.999099144175874,-0.00790813261063511,0.999099144175874,0.00790813261063511
"267","FT267",-13.7796054093739,0.449417281739863,0.990244988869189,0.990244988869189,0.203039001389054,-0.994581705044767,0.0324379539957906,0.994581705044767,0.0324379539957906
"268","FT268",-13.8445209288575,-0.0381630455203737,0.998542454267354,0.998542454267354,0.204740306730096,-0.999267164906193,-0.00275452494869945,0.999267164906193,0.00275452494869945
"269","FT269",-0.499153304990026,-13.177882604705,0.905985603246806,0.905985603246806,0.18576252768131,-0.0360277911019129,-0.951150672351717,0.0360277911019129,0.951150672351717
"270","FT270",-13.8385283297697,-0.170674718340459,0.997822378530113,0.997822378530113,0.204592663005304,-0.998834632243509,-0.0123189269454416,0.998834632243509,0.0123189269454416
"271","FT271",9.02967332755476,10.0333612318958,0.949213046898591,0.949213046898591,0.194625846446178,0.651742022163226,0.724186014394907,0.651742022163226,0.724186014394907
"272","FT272",-13.4602685767014,2.45418138894299,0.975253403682891,0.975253403682891,0.199965139345136,-0.971532672645989,0.177137431572865,0.971532672645989,0.177137431572865
"273","FT273",-13.8384678279621,-0.170202535110594,0.997812816426739,0.997812816426739,0.204590702399654,-0.998830265355694,-0.0122848457952272,0.998830265355694,0.0122848457952272
"274","FT274",-13.4839825026302,2.37810110406481,0.976666843254876,0.976666843254876,0.200254949808653,-0.973244291823967,0.171646123425322,0.973244291823967,0.171646123425322
"275","FT275",-13.835512540185,-0.0672162762701301,0.997259368409174,0.997259368409174,0.20447722388265,-0.998616959163758,-0.00485152344159496,0.998616959163758,0.00485152344159496
"276","FT276",-13.8383569525224,-0.170820824437227,0.997797928178184,0.997797928178184,0.204587649725666,-0.998822262609569,-0.0123294725631516,0.998822262609569,0.0123294725631516
"277","FT277",10.1760792746389,-7.88871388637001,0.863676338467207,0.863676338467207,0.177087471541754,0.734487089794025,-0.569390071386138,0.734487089794025,0.569390071386138
"278","FT278",-13.7497022758887,0.516752832484627,0.986295277558316,0.986295277558316,0.202229155896929,-0.992423362435941,0.0372980864074413,0.992423362435941,0.0372980864074413
"279","FT279",-11.3732626773983,-5.66024563528151,0.8407804492924,0.8407804492924,0.172392917642242,-0.820897162839932,-0.408544119201036,0.820897162839932,0.408544119201036
"280","FT280",-13.8494698507741,0.0148697779633666,0.999250027482182,0.999250027482182,0.204885386948187,-0.999624367239038,0.00107326796966055,0.999624367239038,0.00107326796966055
"281","FT281",-13.420696863457,2.7714851689392,0.978350000286395,0.978350000286395,0.200600062913695,-0.968676473149644,0.200039722687174,0.968676473149644,0.200039722687174
"282","FT282",-13.8428482612725,-0.0959826060650903,0.998341594034885,0.998341594034885,0.204699122516616,-0.999146435427429,-0.00692781405263732,0.999146435427429,0.00692781405263732
"283","FT283",-13.8291060844759,0.191532183366841,0.996503629431443,0.996503629431443,0.20432226779696,-0.998154555237581,0.0138243730386032,0.998154555237581,0.0138243730386032
"284","FT284",-13.7703672157941,-1.13079936624898,0.994528452208266,0.994528452208266,0.203917279116918,-0.993914912488005,-0.0816186188453818,0.993914912488005,0.0816186188453818
"285","FT285",-13.8381071862714,-0.158929499815479,0.997741487947688,0.997741487947688,0.204576077268176,-0.998804235029208,-0.0114711828250801,0.998804235029208,0.0114711828250801
"286","FT286",-13.7569999162684,0.249879872834577,0.986275170872772,0.986275170872772,0.202225033239001,-0.992950090117615,0.0180357813302199,0.992950090117615,0.0180357813302199
"287","FT287",-13.8382974656681,-0.170642948348318,0.997789034624618,0.997789034624618,0.204585826198907,-0.998817968978857,-0.0123166338570683,0.998817968978857,0.0123166338570683
"288","FT288",-13.8432805160064,-0.273062400403748,0.99874439200571,0.99874439200571,0.204781711874479,-0.999177634626349,-0.0197090453397472,0.999177634626349,0.0197090453397472
"289","FT289",-13.8354980796718,0.0758470293597295,0.997263716408025,0.997263716408025,0.204478115392685,-0.998615915435623,0.00547447227566206,0.998615915435623,0.00547447227566206
"290","FT290",-13.816299575331,0.0428657346717409,0.994477663269979,0.994477663269979,0.20390686539564,-0.997230209487279,0.00309395474044665,0.997230209487279,0.00309395474044665
"291","FT291",-13.838574616498,-0.169698782200325,0.997827321952273,0.997827321952273,0.204593676600434,-0.998837973118073,-0.0122484860147014,0.998837973118073,0.0122484860147014
"292","FT292",-13.83883248103,-0.127814569845506,0.997799585377881,0.997799585377881,0.204587989516501,-0.998856585214592,-0.00922537540298717,0.998856585214592,0.00922537540298717
"293","FT293",-13.8382557295272,-0.169685591991051,0.997781319527848,0.997781319527848,0.204584244301941,-0.998814956555716,-0.0122475339743171,0.998814956555716,0.0122475339743171
"294","FT294",-13.8382974656681,-0.170642948348318,0.997789034624618,0.997789034624618,0.204585826198907,-0.998817968978857,-0.0123166338570683,0.998817968978857,0.0123166338570683
"295","FT295",-13.6731386745678,0.476059985996582,0.975146699282442,0.975146699282442,0.199943260764427,-0.98689716956729,0.0343609659717812,0.98689716956729,0.0343609659717812
"296","FT296",-13.6980238738499,0.337072973632784,0.978106407588418,0.978106407588418,0.200550116871353,-0.98869332868775,0.0243291881647166,0.98869332868775,0.0243291881647166
"297","FT297",-13.8143433578618,0.0870906097441528,0.994226015751026,0.994226015751026,0.203855267799565,-0.997089013999589,0.00628600925493872,0.997089013999589,0.00628600925493872
"298","FT298",-13.812480044112,0.0382830497305649,0.993925958320919,0.993925958320919,0.203793744275939,-0.996954524098662,0.00276318658946772,0.996954524098662,0.00276318658946772
"299","FT299",-13.8408715655606,-0.294803854197441,0.998461282092895,0.998461282092895,0.204723663255574,-0.999003761865078,-0.0212782958038842,0.999003761865078,0.0212782958038842
"300","FT300",-13.4557641425067,-1.96765253087213,0.963414030479175,0.963414030479175,0.197537604200424,-0.971207552462321,-0.142020845368995,0.971207552462321,0.142020845368995
"301","FT301",-7.85063203793988,1.91890414437503,0.340265369566234,0.340265369566234,0.0697677257856157,-0.566641407065379,0.138502293718199,0.566641407065379,0.138502293718199
"302","FT302",-13.8341019795814,-0.54311087519511,0.998569184057767,0.998569184057767,0.204745787383888,-0.998515147992211,-0.0392005521371785,0.998515147992211,0.0392005521371785
"303","FT303",-13.8156695724531,0.272063212526448,0.994763009094711,0.994763009094711,0.203965372464047,-0.997184737260908,0.0196369261496006,0.997184737260908,0.0196369261496006
"304","FT304",-13.819850096957,0.0723660179697165,0.995006556530144,0.995006556530144,0.204015309225795,-0.997486478353311,0.00522322050605738,0.997486478353311,0.00522322050605738
"305","FT305",3.07826529962062,-12.5216002167251,0.866186304866093,0.866186304866093,0.177602112945526,0.222182439868278,-0.903781648563563,0.222182439868278,0.903781648563563
"306","FT306",5.1339879427511,-11.8676631677164,0.871047270319734,0.871047270319734,0.178598801222253,0.370559992836012,-0.856581906199932,0.370559992836012,0.856581906199932
"307","FT307",-13.8382974656681,-0.170642948348318,0.997789034624618,0.997789034624618,0.204585826198907,-0.998817968978857,-0.0123166338570683,0.998817968978857,0.0123166338570683
"308","FT308",-13.8418068301753,-0.073611701958238,0.998171626336788,0.998171626336788,0.204664272482455,-0.999071267214287,-0.00531313124504036,0.999071267214287,0.00531313124504036
"309","FT309",-13.8382974656681,-0.170642948348318,0.997789034624618,0.997789034624618,0.204585826198907,-0.998817968978857,-0.0123166338570683,0.998817968978857,0.0123166338570683
"310","FT310",-13.6392397300013,-2.18718793982002,0.994064435316982,0.994064435316982,0.203822137482986,-0.9844504180759,-0.157866429829676,0.9844504180759,0.157866429829676
"311","FT311",-13.8382974656681,-0.170642948348318,0.997789034624618,0.997789034624618,0.204585826198907,-0.998817968978857,-0.0123166338570683,0.998817968978857,0.0123166338570683
"312","FT312",-13.8384091729379,-0.165183660132517,0.997795589988048,0.997795589988048,0.204587170305123,-0.998826031764656,-0.0119225944037826,0.998826031764656,0.0119225944037826
"313","FT313",3.58529454746896,4.89895445469783,0.191996398606798,0.191996398606798,0.0393667804246457,0.258778699256774,0.353595791006864,0.258778699256774,0.353595791006864
"314","FT314",9.08370932140821,4.27443760419357,0.525051025800114,0.525051025800114,0.107656021646211,0.655642221719303,0.308519534064037,0.655642221719303,0.308519534064037
"315","FT315",-13.8266969488381,0.104241000175265,0.996022024789426,0.996022024789426,0.204223519985379,-0.99798066910956,0.00752388683201039,0.99798066910956,0.00752388683201039
"316","FT316",-13.7985808645809,0.594159819330488,0.993758151814885,0.993758151814885,0.203759337370785,-0.995951311795693,0.0428851529940623,0.995951311795693,0.0428851529940623
"317","FT317",-13.8361148359144,-0.119511528571035,0.997397066799144,0.997397066799144,0.204505457444957,-0.998660431548902,-0.0086260800891894,0.998660431548902,0.0086260800891894
"318","FT318",-13.8255488732271,0.0928041871494329,0.995844894887825,0.995844894887825,0.204187201419023,-0.997897803529249,0.00669840274436208,0.997897803529249,0.00669840274436208
"319","FT319",1.84946181990268,-13.1175684170175,0.914244784055624,0.914244784055624,0.187455983182286,0.13349009899824,-0.946797326530374,0.13349009899824,0.946797326530374
"320","FT320",7.80304788442101,10.0927387372683,0.847873092037011,0.847873092037011,0.173847187157627,0.563206887198234,0.728471752540541,0.563206887198234,0.728471752540541
"321","FT321",-13.8353855811615,0.10935093685069,0.997279824197564,0.997279824197564,0.204481418120333,-0.998607795539816,0.00789271085710603,0.998607795539816,0.00789271085710603
"322","FT322",5.62598153321105,-12.2618413768681,0.948176767757139,0.948176767757139,0.19441336864078,0.40607101144166,-0.885032825054464,0.40607101144166,0.885032825054464
"323","FT323",11.4704723053622,-5.99187385539678,0.872480055367954,0.872480055367954,0.17889257826598,0.827913540642835,-0.43248031699512,0.827913540642835,0.43248031699512
"324","FT324",-13.8419383424927,0.0402116954207022,0.99817078785249,0.99817078785249,0.204664100560338,-0.999080759485003,0.00290239200659956,0.999080759485003,0.00290239200659956
"325","FT325",-13.7813186146771,0.225634030544572,0.989703980393616,0.989703980393616,0.2029280734653,-0.99470536044715,0.0162857695955852,0.99470536044715,0.0162857695955852
"326","FT326",6.05847764296202,-12.1181840515397,0.956257506349754,0.956257506349754,0.196070236499515,0.43728763234495,-0.874663954297822,0.43728763234495,0.874663954297822
"327","FT327",-13.5968880739466,2.41293552302778,0.993465179430986,0.993465179430986,0.203699266559087,-0.981393568402853,0.174160395407513,0.981393568402853,0.174160395407513
"328","FT328",9.18842775082671,9.13834594626108,0.874888386464964,0.874888386464964,0.17938638045276,0.66320056834727,0.659585773503964,0.66320056834727,0.659585773503964
"329","FT329",-13.830459670107,0.00462845019818403,0.996507674380576,0.996507674380576,0.204323097169935,-0.998252254080543,0.000334071386884062,0.998252254080543,0.000334071386884062
"330","FT330",-13.6272169561823,1.90644727444428,0.986369447225791,0.986369447225791,0.202244363583297,-0.983582640622987,0.137603184159749,0.983582640622987,0.137603184159749
"331","FT331",-7.49067693229885,-3.09345183442276,0.342167244280172,0.342167244280172,0.0701576845806871,-0.54066063678407,-0.223278570652035,0.54066063678407,0.223278570652035
"332","FT332",-13.5003829916068,2.39388363174425,0.979364761398756,0.979364761398756,0.200808128680468,-0.974428043158298,0.172785271668178,0.974428043158298,0.172785271668178
"333","FT333",-13.4794175087221,0.357376241256941,0.947228572291558,0.947228572291558,0.194218951438353,-0.972914800572961,0.0257946335045285,0.972914800572961,0.0257946335045285
"334","FT334",-13.837683100024,-0.14305505600471,0.997655368712971,0.997655368712971,0.204558419452571,-0.998773625413728,-0.010325400277402,0.998773625413728,0.010325400277402
"335","FT335",-12.3456639833529,-5.89932667232343,0.97533487160344,0.97533487160344,0.199981843459188,-0.891082956999627,-0.425800464241458,0.891082956999627,0.425800464241458
"336","FT336",-13.7344063313166,0.97204880485397,0.987636498248919,0.987636498248919,0.202504158661622,-0.991319334694883,0.0701603514031479,0.991319334694883,0.0701603514031479
"337","FT337",-12.3805032939648,-5.82938896489128,0.975549316570417,0.975549316570417,0.20002581307523,-0.893597582050308,-0.420752513865646,0.893597582050308,0.420752513865646
"338","FT338",-8.99146723946315,6.0145538567336,0.609638577743511,0.609638577743511,0.124999782300981,-0.648984390496111,0.434117309763044,0.648984390496111,0.434117309763044
"339","FT339",-10.7554077036183,5.26738783022379,0.747187698887434,0.747187698887434,0.153202738653122,-0.776301745552112,0.380188504218865,0.776301745552112,0.380188504218865
"340","FT340",-13.8435660122601,-0.131327765488215,0.998486975553376,0.998486975553376,0.204728931421147,-0.999198241119956,-0.00947895016138368,0.999198241119956,0.00947895016138368
"341","FT341",-3.36804063916869,-10.3451759534105,0.616645652821716,0.616645652821716,0.126436507093864,-0.24309778851038,-0.74669211730343,0.24309778851038,0.74669211730343
"342","FT342",-13.8393102278251,-0.10881339205339,0.997845049526354,0.997845049526354,0.204597311447345,-0.998891067930748,-0.00785391205226703,0.998891067930748,0.00785391205226703
"343","FT343",-13.8231136884356,0.0920540418424085,0.995493409751572,0.995493409751572,0.204115133201693,-0.997722037230425,0.00664425890088278,0.997722037230425,0.00664425890088278
"344","FT344",-13.8382974656681,-0.170642948348318,0.997789034624618,0.997789034624618,0.204585826198907,-0.998817968978857,-0.0123166338570683,0.998817968978857,0.0123166338570683
"345","FT345",10.7021585082952,-7.68198619822647,0.904127663302535,0.904127663302535,0.185381577234536,0.772458335388809,-0.554468920130683,0.772458335388809,0.554468920130683
"346","FT346",8.7793765431995,-10.2585058083973,0.949791607679648,0.949791607679648,0.19474447406313,0.633676149073571,-0.740436456270852,0.633676149073571,0.740436456270852
"347","FT347",10.8243646204802,-8.0860998415664,0.95102882418634,0.95102882418634,0.194998151897246,0.781278904615065,-0.583636956840316,0.781278904615065,0.583636956840316
"348","FT348",-13.8385130532065,-0.0427043607081142,0.9976779204997,0.9976779204997,0.204563043451994,-0.998833529614674,-0.00308230712158345,0.998833529614674,0.00308230712158345
"349","FT349",-13.7795986221008,0.115507548971851,0.98926130046771,0.98926130046771,0.20283730674484,-0.994581215154276,0.00833708162091599,0.994581215154276,0.00833708162091599
"350","FT350",-13.8427546830736,-0.0660580532372338,0.998302835577958,0.998302835577958,0.204691175515138,-0.999139681158211,-0.00476792544262059,0.999139681158211,0.00476792544262059
"351","FT351",-13.8149909109891,-0.68076220696929,0.996694048813132,0.996694048813132,0.204361311227159,-0.997135752964486,-0.0491359234479211,0.997135752964486,0.0491359234479211
"352","FT352",-13.8390429886405,-0.122804038651859,0.997823396909889,0.997823396909889,0.204592871813038,-0.998871779192353,-0.00886372624760809,0.998871779192353,0.00886372624760809
"353","FT353",-13.8443151425291,-0.156441075520565,0.998632682077461,0.998632682077461,0.204758806964551,-0.999252311700217,-0.0112915738156359,0.999252311700217,0.0112915738156359
"354","FT354",-13.7854448737969,-1.25435780188217,0.998228249124609,0.998228249124609,0.204675882371345,-0.995003184783106,-0.0905367958129985,0.995003184783106,0.0905367958129985
"355","FT355",7.13925028273633,-11.6330644940827,0.970539973515991,0.970539973515991,0.198998701579774,0.515295431762866,-0.839649088322206,0.515295431762866,0.839649088322206
"356","FT356",-13.7221145544915,-1.58500316644052,0.994043656099104,0.994043656099104,0.203817876929593,-0.990432141194814,-0.114402053248011,0.990432141194814,0.114402053248011
"357","FT357",4.8464324826055,7.24764958959607,0.396017412532923,0.396017412532923,0.0811990778819116,0.349804870221835,0.523119456053786,0.349804870221835,0.523119456053786
"358","FT358",-13.8423934757968,-0.140409179322141,0.998330712309673,0.998330712309673,0.204696891336812,-0.999113610008961,-0.0101344266998497,0.999113610008961,0.0101344266998497
"359","FT359",7.46786675000619,9.5743604316339,0.768095228637714,0.768095228637714,0.15748960100509,0.53901424784019,0.691056343045187,0.53901424784019,0.691056343045187
"360","FT360",8.31626635306295,-10.5344357975636,0.938435798221305,0.938435798221305,0.192416088422907,0.600249870973018,-0.76035247787995,0.600249870973018,0.76035247787995
"361","FT361",5.09138924132701,8.02207134020897,0.47030442691719,0.47030442691719,0.0964308249609652,0.36748531196988,0.579015520002348,0.36748531196988,0.579015520002348
"362","FT362",-13.8401520180328,0.166525996069136,0.998049219602068,0.998049219602068,0.204639174308306,-0.998951826502212,0.0120194812684585,0.998951826502212,0.0120194812684585
"363","FT363",-13.8213451636241,-0.231841757188361,0.995474585995016,0.995474585995016,0.204111273594448,-0.997594388987229,-0.0167338296935639,0.997594388987229,0.0167338296935639
"364","FT364",-11.2379905568536,0.426125024097143,0.658883562559897,0.658883562559897,0.135096932655618,-0.811133517779034,0.0307567699101506,0.811133517779034,0.0307567699101506
"365","FT365",1.07629150724096,4.87130714298596,0.129657608886104,0.129657608886104,0.0265848873022723,0.0776843610970681,0.351600268667481,0.0776843610970681,0.351600268667481
"366","FT366",0.831962561074557,4.64306296350215,0.115915416187968,0.115915416187968,0.0237671996454917,0.0600492334826982,0.335126104244519,0.0600492334826982,0.335126104244519
"367","FT367",-13.3128033277694,-0.846625541074829,0.927041718271007,0.927041718271007,0.190079855833133,-0.960888954312965,-0.0611075752288115,0.960888954312965,0.0611075752288115
"368","FT368",0.386760938582764,-13.2402868289427,0.914055513492785,0.914055513492785,0.18741717530494,0.0279155565281051,-0.955654872428593,0.0279155565281051,0.955654872428593
"369","FT369",-13.7509116286227,-0.824446480813562,0.98861844410058,0.98861844410058,0.202705496014884,-0.992510650864629,-0.0595067392893486,0.992510650864629,0.0595067392893486
"370","FT370",0.641286305148216,-13.2357741173697,0.9147962470024,0.9147962470024,0.187569054682041,0.0462866394100288,-0.955329154801907,0.0462866394100288,0.955329154801907
"371","FT371",1.26882309330033,-13.2283893484295,0.920022721385447,0.920022721385447,0.188640686602877,0.0915808688307102,-0.954796138371778,0.0915808688307102,0.954796138371778
"372","FT372",11.3135639138545,-6.96562422306452,0.919587469092645,0.919587469092645,0.188551442838074,0.816588236983891,-0.50276348347129,0.816588236983891,0.50276348347129
"373","FT373",-13.8438112403261,-0.162703792940731,0.998570409248488,0.998570409248488,0.204746038595965,-0.999215941144068,-0.0117436030272797,0.999215941144068,0.0117436030272797
"374","FT374",-13.6491594172103,1.19006374597238,0.977930990176257,0.977930990176257,0.200514149432394,-0.985166399348563,0.0858961918297019,0.985166399348563,0.0858961918297019
"375","FT375",-13.8384602371846,-0.166044312961995,0.997804437881402,0.997804437881402,0.20458898446975,-0.998829717470022,-0.0119847144379319,0.998829717470022,0.0119847144379319
"376","FT376",-0.485369188291469,-3.57682828778978,0.067877824612955,0.067877824612955,0.0139176121876809,-0.0350328837819064,-0.2581676231964,0.0350328837819064,0.2581676231964
"377","FT377",-13.8428143955833,-0.429727636090897,0.999250756695701,0.999250756695701,0.204885536465515,-0.99914399107623,-0.0310167985447097,0.99914399107623,0.0310167985447097
"378","FT378",-13.8417677783703,-0.385258811187848,0.998911001696722,0.998911001696722,0.204815873385686,-0.999068448540633,-0.0278071362663309,0.999068448540633,0.0278071362663309
"379","FT379",8.56210157166358,7.91481055189711,0.708269843253992,0.708269843253992,0.145223054198429,0.617993718029011,0.571273671483879,0.617993718029011,0.571273671483879
"380","FT380",-13.8387412216348,-0.165394431605733,0.997843830373129,0.997843830373129,0.204597061473191,-0.998849998311546,-0.0119378074265782,0.998849998311546,0.0119378074265782
"381","FT381",-13.8374033411956,-0.163433093959269,0.997647571333183,0.997647571333183,0.204556820684364,-0.998753433034899,-0.0117962423757196,0.998753433034899,0.0117962423757196
"382","FT382",-13.8435021980747,-0.118721544916761,0.998461349331237,0.998461349331237,0.204723677042068,-0.999193635151978,-0.00856906080115587,0.999193635151978,0.00856906080115587
"383","FT383",-13.8393774605253,-0.192796481002619,0.997986704952813,0.997986704952813,0.204626356357092,-0.998895920639633,-0.0139156272698326,0.998895920639633,0.0139156272698326
"384","FT384",-13.8389914955905,-0.147164275147427,0.997850233127762,0.997850233127762,0.204598374288627,-0.998868062536912,-0.0106219947051776,0.998868062536912,0.0106219947051776
"385","FT385",-13.8389912353382,-0.169051359772327,0.997886251691161,0.997886251691161,0.204605759504635,-0.998868043752467,-0.0122017564833983,0.998868043752467,0.0122017564833983
"386","FT386",2.23658023398562,-13.1043073617913,0.920673747594533,0.920673747594533,0.188774172470371,0.161431457324141,-0.945840172640567,0.161431457324141,0.945840172640567
"387","FT387",-13.8402328775739,-0.146856809514972,0.998028767813348,0.998028767813348,0.204634980890712,-0.998957662766594,-0.0105998025099814,0.998957662766594,0.0105998025099814
"388","FT388",-13.8416661433314,-0.14826668589835,0.998237630480391,0.998237630480391,0.204677805916661,-0.999061112746367,-0.0107015642960141,0.999061112746367,0.0107015642960141
"389","FT389",-13.8401854660628,-0.15438411358857,0.998033743857322,0.998033743857322,0.204636001174592,-0.998954240707684,-0.0111431068135152,0.998954240707684,0.0111431068135152
"390","FT390",-13.8421847931821,-0.144795873385703,0.99830713254501,0.99830713254501,0.204692056561656,-0.999098547755394,-0.0104510486590155,0.999098547755394,0.0104510486590155
"391","FT391",-13.8404844005011,-0.152212179725723,0.998073382927629,0.998073382927629,0.204644128736298,-0.998975817139985,-0.010986341389515,0.998975817139985,0.010986341389515
"392","FT392",-13.8392300897019,-0.153293807426585,0.997894231254488,0.997894231254488,0.204607395627602,-0.998885283736729,-0.0110644109053675,0.998885283736729,0.0110644109053675
"393","FT393",-13.8392714269232,-0.154370246327032,0.99790191720689,0.99790191720689,0.204608971548832,-0.998888267366722,-0.011142105904983,0.998888267366722,0.011142105904983
"394","FT394",-13.8403163679653,-0.158833747829774,0.998059881305246,0.998059881305246,0.204641360374977,-0.998963688919987,-0.0114642716566994,0.998963688919987,0.0114642716566994
"395","FT395",-13.8393793107386,-0.163382475668243,0.997932392216294,0.997932392216294,0.204615220119182,-0.998896054183972,-0.0117925888584599,0.998896054183972,0.0117925888584599
"396","FT396",-13.8405145784858,-0.158187148676196,0.998087396760178,0.998087396760178,0.204647002120762,-0.998977995320757,-0.0114176015475388,0.998977995320757,0.0114176015475388
"397","FT397",-13.8445073862705,-0.17338883580278,0.998689534214421,0.998689534214421,0.204770463878997,-0.999266187431953,-0.0125148259928505,0.999266187431953,0.0125148259928505
"398","FT398",-13.8341335175629,-0.234981760649523,0.997324704183286,0.997324704183286,0.204490620274937,-0.998517424334566,-0.0169604682585641,0.998517424334566,0.0169604682585641
"399","FT399",-13.819071141575,-0.594585704668408,0.996708887538596,0.996708887538596,0.204364353746974,-0.997430255061786,-0.0429158924639497,0.997430255061786,0.0429158924639497
"400","FT400",-13.831858808961,-0.239303441361616,0.997007529248359,0.997007529248359,0.204425586992489,-0.998353240855245,-0.0172723976965702,0.998353240855245,0.0172723976965702
"401","FT401",2.28427480331714,-13.0950897465238,0.920538944469551,0.920538944469551,0.188746532550767,0.164873946762543,-0.945174865381266,0.164873946762543,0.945174865381266
"402","FT402",-13.82527119103,-0.654746255759819,0.997993358631882,0.997993358631882,0.204627720621864,-0.997877761037111,-0.0472581491326512,0.997877761037111,0.0472581491326512
"403","FT403",-7.79992782641072,8.1561399851152,0.663507006364254,0.663507006364254,0.136044919692732,-0.562981688252145,0.588692300830424,0.562981688252145,0.588692300830424
"404","FT404",-13.7791051082691,-0.585423803586566,0.990906391129563,0.990906391129563,0.203174614753395,-0.994545594407996,-0.0422546065324069,0.994545594407996,0.0422546065324069
"405","FT405",0.424521886590618,-13.2313290789942,0.912979768968869,0.912979768968869,0.187196605550646,0.030641058959997,-0.955008321678235,0.030641058959997,0.955008321678235
"406","FT406",-13.8490145207825,-0.193462573191616,0.999378156946402,0.999378156946402,0.20491165850599,-0.999591502518608,-0.013963704343549,0.999591502518608,0.013963704343549
"407","FT407",-13.8419435125463,-0.205780322805777,0.998383714464492,0.998383714464492,0.20470775885415,-0.999081132648134,-0.0148527725025859,0.999081132648134,0.0148527725025859
"408","FT408",-13.8418913664385,-0.181094305769216,0.998326439738538,0.998326439738538,0.204696015292413,-0.999077368856413,-0.0130709899198797,0.999077368856413,0.0130709899198797
"409","FT409",-13.841617854791,-0.180029897473666,0.998284991115855,0.998284991115855,0.204687516701606,-0.999057627385403,-0.0129941632629471,0.999057627385403,0.0129941632629471
"410","FT410",-13.8408953242395,-0.114247461495247,0.998079941186341,0.998079941186341,0.20464547343616,-0.999005476714429,-0.00824613126974455,0.999005476714429,0.00824613126974455
"411","FT411",-13.8403183933269,-0.0909692667639161,0.99797185570978,0.99797185570978,0.204623311680764,-0.998963835106147,-0.00656596221421401,0.998963835106147,0.00656596221421401
"412","FT412",-2.68717070848842,-0.541688761363839,0.0391468352885681,0.0391468352885681,0.00802663425099404,-0.193954089801197,-0.0390979070789891,0.193954089801197,0.0390979070789891
"413","FT413",-13.6486129025787,1.25995058342355,0.978745282943709,0.978745282943709,0.200681111337983,-0.985126953120753,0.0909404705218245,0.985126953120753,0.0909404705218245
"414","FT414",-13.8399619400207,-0.161496370028367,0.998013214709953,0.998013214709953,0.204631791895446,-0.998938107088067,-0.0116564538888819,0.998938107088067,0.0116564538888819
"415","FT415",-13.8398305214642,-0.164080751019161,0.997998647406048,0.997998647406048,0.20462880502768,-0.998928621584811,-0.0118429888422384,0.998928621584811,0.0118429888422384
"416","FT416",-13.8380587085355,-0.171120349704407,0.997755459723866,0.997755459723866,0.204578942029437,-0.998800736012525,-0.0123510916401923,0.998800736012525,0.0123510916401923
"417","FT417",-13.8405639232155,-0.164907089703471,0.998105823708873,0.998105823708873,0.204650780366857,-0.99898155691515,-0.0119026321566273,0.99898155691515,0.0119026321566273
"418","FT418",11.4704765308979,5.42995788430944,0.839044545950486,0.839044545950486,0.172036989477988,0.827913845632738,0.391922454268823,0.827913845632738,0.391922454268823
"419","FT419",11.7578426968865,5.05237804636567,0.853199722285971,0.853199722285971,0.174939354953147,0.848655305409717,0.364669569454199,0.848655305409717,0.364669569454199
"420","FT420",-13.0425533346093,1.58938770394261,0.899362107586664,0.899362107586664,0.184404451690362,-0.941382902361533,0.114718519551298,0.941382902361533,0.114718519551298
"421","FT421",-12.6515183923829,1.15417436331557,0.840798951381495,0.840798951381495,0.172396711295061,-0.913158857621682,0.0833057748812209,0.913158857621682,0.0833057748812209
"422","FT422",-13.8450767120516,0.0879090133465995,0.998655300135952,0.998655300135952,0.20476344455228,-0.999307280118519,0.00634507983251727,0.999307280118519,0.00634507983251727
"423","FT423",-13.8348896109425,0.00528759160666289,0.997146179839167,0.997146179839167,0.204454015793257,-0.998571997496881,0.000381646768503085,0.998571997496881,0.000381646768503085
"424","FT424",-13.8283296789873,0.0790668920116063,0.99623321604614,0.99623321604614,0.2042668224634,-0.99809851599178,0.00570687490194735,0.99809851599178,0.00570687490194735
"425","FT425",-13.8358264776906,-0.00901992824794225,0.997281511458327,0.997281511458327,0.204481764074863,-0.998639618484572,-0.000651038643684027,0.998639618484572,0.000651038643684027
"426","FT426",-13.8363285845672,0.306716747245733,0.997843569608815,0.997843569608815,0.204597008006295,-0.998675859457991,0.0221381423036922,0.998675859457991,0.0221381423036922
"427","FT427",-13.8389146368062,-0.165374965666021,0.997868801651486,0.997868801651486,0.204602181563146,-0.998862515038385,-0.0119364024177311,0.998862515038385,0.0119364024177311
"428","FT428",-13.8428725367979,0.232039809417427,0.998577600427579,0.998577600427579,0.20474751306929,-0.999148187581624,0.0167481246692052,0.999148187581624,0.0167481246692052
"429","FT429",-13.8420147440042,-0.120253653364647,0.998248719090245,0.998248719090245,0.204680079515919,-0.999086273978582,-0.00867964502959652,0.999086273978582,0.00867964502959652
"430","FT430",-13.839165805491,-0.166110795715453,0.997906289067263,0.997906289067263,0.204609867951413,-0.998880643843332,-0.0119895130173052,0.998880643843332,0.0119895130173052
"431","FT431",-13.837010187101,-0.226358932025262,0.997718670781332,0.997718670781332,0.204571398855537,-0.998725056034392,-0.0163380913950298,0.998725056034392,0.0163380913950298
"432","FT432",-13.8416920791302,-0.158757529589548,0.998258150887407,0.998258150887407,0.204682013403693,-0.999062984735461,-0.0114587703912374,0.999062984735461,0.0114587703912374
"433","FT433",-13.8417934542199,-0.152714779324111,0.99826296597907,0.99826296597907,0.204683000686046,-0.999070301767156,-0.0110226179265181,0.999070301767156,0.0110226179265181
"434","FT434",-13.8383595529271,-0.168548524484358,0.997794285713858,0.997794285713858,0.204586902877838,-0.998822450301073,-0.0121654629348381,0.998822450301073,0.0121654629348381
"435","FT435",-13.8381694458361,-0.162448557405444,0.997756356565376,0.997756356565376,0.204579125917067,-0.998808728788078,-0.0117251806859766,0.998808728788078,0.0117251806859766
"436","FT436",-13.8385713917758,-0.171961693850006,0.997830884803302,0.997830884803302,0.204594407124419,-0.998837740364691,-0.0124118180158757,0.998837740364691,0.0124118180158757
"437","FT437",7.24870445447416,10.1487340452228,0.810309468292735,0.810309468292735,0.16614517327286,0.523195593887771,0.732513371092404,0.523195593887771,0.732513371092404
"438","FT438",6.95003435648081,10.0987395409303,0.782943245202708,0.782943245202708,0.160534025859396,0.501638241083892,0.728904877391397,0.501638241083892,0.728904877391397
"439","FT439",-13.5284919201255,-1.44436616516144,0.964336355412377,0.964336355412377,0.197726716930606,-0.976456883986646,-0.104251182858836,0.976456883986646,0.104251182858836
"440","FT440",0.146300909590125,7.51413390142769,0.294259052900067,0.294259052900067,0.0603346292302329,0.0105596788722819,0.542353709383628,0.0105596788722819,0.542353709383628
"441","FT441",-13.769657559185,0.909641468973638,0.992075737063104,0.992075737063104,0.203414376462158,-0.993863691029967,0.0656559267347217,0.993863691029967,0.0656559267347217
"442","FT442",-13.8299214728812,0.411296068585636,0.99731129349953,0.99731129349953,0.204487870559595,-0.998213408184843,0.0296864484155572,0.998213408184843,0.0296864484155572
"443","FT443",-13.8388312009862,0.290337893899463,0.998153445204939,0.998153445204939,0.204660544638441,-0.998856492823835,0.0209559525817187,0.998856492823835,0.0209559525817187
"444","FT444",-12.5445942350132,2.88456268343594,0.863171786331901,0.863171786331901,0.176984018595409,-0.905441306386518,0.208201409747812,0.905441306386518,0.208201409747812
"445","FT445",-12.4931600157035,2.32216537706658,0.841207715680559,0.841207715680559,0.172480523983859,-0.901728897212308,0.167608805296243,0.901728897212308,0.167608805296243
"446","FT446",-13.8385121989108,-0.17460580429148,0.997827123846657,0.997827123846657,0.204593635981025,-0.998833467953486,-0.0126026641100185,0.998833467953486,0.0126026641100185
"447","FT447",-13.8383656141064,-0.17084685727124,0.997799223391784,0.997799223391784,0.204587915295175,-0.998822887783708,-0.0123313515560306,0.998822887783708,0.0123313515560306
"448","FT448",-13.8381801772794,-0.164602416365082,0.997761573645025,0.997761573645025,0.2045801956227,-0.998809503360125,-0.0118806415030944,0.998809503360125,0.0118806415030944
"449","FT449",-13.8251254009078,-0.719492664787992,0.998435895738958,0.998435895738958,0.20471845805887,-0.997867238225756,-0.0519314029721958,0.997867238225756,0.0519314029721958
"450","FT450",-13.831409598387,-0.663337146262414,0.998936779319061,0.998936779319061,0.204821158807735,-0.998320817820961,-0.0478782207725917,0.998320817820961,0.0478782207725917
"451","FT451",-13.8382974656681,-0.170642948348318,0.997789034624618,0.997789034624618,0.204585826198907,-0.998817968978857,-0.0123166338570683,0.998817968978857,0.0123166338570683
"452","FT452",-13.8382591917711,-0.168447283119189,0.997779637388023,0.997779637388023,0.204583899397403,-0.998815206452886,-0.0121581555550838,0.998815206452886,0.0121581555550838
"453","FT453",-13.8382853452557,-0.170344553434048,0.997786756969021,0.997786756969021,0.204585359190315,-0.99881709415406,-0.0122950963664222,0.99881709415406,0.0122950963664222
"454","FT454",-13.8382974656681,-0.170642948348318,0.997789034624618,0.997789034624618,0.204585826198907,-0.998817968978857,-0.0123166338570683,0.998817968978857,0.0123166338570683
"455","FT455",13.2965603874749,-3.17972746170324,0.973728795520705,0.973728795520705,0.19965253496719,0.959716574497061,-0.229505756259691,0.959716574497061,0.229505756259691
"456","FT456",10.1926157524008,-4.83554266993422,0.66304019816475,0.66304019816475,0.135949205731305,0.735680656500713,-0.349018867420415,0.735680656500713,0.349018867420415
"457","FT457",-13.8382506653324,-0.167295852969519,0.997776394041507,0.997776394041507,0.204583234384355,-0.998814591033236,-0.0120750478515265,0.998814591033236,0.0120750478515265
"458","FT458",-13.8382974656681,-0.170642948348318,0.997789034624618,0.997789034624618,0.204585826198907,-0.998817968978857,-0.0123166338570683,0.998817968978857,0.0123166338570683
"459","FT459",-13.8382974656681,-0.170642948348318,0.997789034624618,0.997789034624618,0.204585826198907,-0.998817968978857,-0.0123166338570683,0.998817968978857,0.0123166338570683
"460","FT460",-13.8382974656681,-0.170642948348318,0.997789034624618,0.997789034624618,0.204585826198907,-0.998817968978857,-0.0123166338570683,0.998817968978857,0.0123166338570683
"461","FT461",-13.8382974656681,-0.170642948348318,0.997789034624618,0.997789034624618,0.204585826198907,-0.998817968978857,-0.0123166338570683,0.998817968978857,0.0123166338570683
"462","FT462",-13.7856319576577,0.753160335171796,0.993013378076899,0.993013378076899,0.203606629588649,-0.99501668808598,0.0543614616001758,0.99501668808598,0.0543614616001758
"463","FT463",-13.8136671047141,0.497532422942378,0.995378752968262,0.995378752968262,0.204091624071076,-0.997040203530156,0.0359107993896879,0.997040203530156,0.0359107993896879
"464","FT464",-13.8087210615091,0.202988028178961,0.993592077619417,0.993592077619417,0.203725285657135,-0.996683208976401,0.0146512307988563,0.996683208976401,0.0146512307988563
"465","FT465",-13.786754160817,-0.317329177494462,0.990744004086671,0.990744004086671,0.203141319050415,-0.99509768624945,-0.0229041242500453,0.99509768624945,0.0229041242500453
"466","FT466",9.16349926522931,3.82607958262056,0.513714920062744,0.513714920062744,0.105331676040398,0.661401284915484,0.276158035144537,0.661401284915484,0.276158035144537
"467","FT467",-13.8411094161327,-0.157731219608621,0.998172428623037,0.998172428623037,0.204664436982554,-0.99902092939786,-0.0113846935871193,0.99902092939786,0.0113846935871193
"468","FT468",-13.8408140424086,-0.159287210523998,0.998132401766181,0.998132401766181,0.20465622990942,-0.998999609970093,-0.0114970015996983,0.998999609970093,0.0114970015996983
"469","FT469",-13.8404511083974,-0.168385582098376,0.998095594731301,0.998095594731301,0.204648683025881,-0.998973414188939,-0.0121537021106883,0.998973414188939,0.0121537021106883
"470","FT470",-12.7473138986815,-3.53803199363653,0.911747137813647,0.911747137813647,0.186943867893146,-0.920073167223414,-0.255367391749851,0.920073167223414,0.255367391749851
"471","FT471",-13.8393199760216,-0.0372947701728922,0.997792017320654,0.997792017320654,0.204586437768399,-0.998891771534196,-0.00269185473791395,0.998891771534196,0.00269185473791395
"472","FT472",-13.8441762497295,-0.135126038622182,0.998580270557159,0.998580270557159,0.204748060550418,-0.999242286722482,-0.0097531011880333,0.999242286722482,0.0097531011880333
"473","FT473",-13.8298106418851,-0.580855796993992,0.998171734909502,0.998171734909502,0.204664294744113,-0.998205408646557,-0.0419248978324461,0.998205408646557,0.0419248978324461
"474","FT474",-13.8370363323645,-0.0435046005930567,0.997465366976896,0.997465366976896,0.204519461656078,-0.998726943142183,-0.00314006668185863,0.998726943142183,0.00314006668185863
"475","FT475",-13.8468234597587,-0.118911775448576,0.998940698466144,0.998940698466144,0.204821962386363,-0.999433356538069,-0.00858279122383949,0.999433356538069,0.00858279122383949
"476","FT476",-13.8473358387354,-0.120903220920907,0.999017110714382,0.999017110714382,0.204837629889608,-0.999470338929155,-0.00872652939155415,0.999470338929155,0.00872652939155415
"477","FT477",-13.8339495779649,-0.434965524900601,0.997996170629601,0.997996170629601,0.204628297191516,-0.99850414797769,-0.0313948578743075,0.99850414797769,0.0313948578743075
"478","FT478",-13.8282071209597,-0.10272710819714,0.99623796595637,0.99623796595637,0.204267796381007,-0.998089670022068,-0.00741461742841532,0.998089670022068,0.00741461742841532
"479","FT479",-13.8301539054699,-0.108093894097853,0.996524372461349,0.996524372461349,0.204326520930402,-0.998230184659458,-0.00780198026742012,0.998230184659458,0.00780198026742012
"480","FT480",-13.8382974656681,-0.170642948348318,0.997789034624618,0.997789034624618,0.204585826198907,-0.998817968978857,-0.0123166338570683,0.998817968978857,0.0123166338570683
"481","FT481",-13.8443943159241,-0.151583706072607,0.998636308082846,0.998636308082846,0.204759550437652,-0.99925802626227,-0.0109409795392355,0.99925802626227,0.0109409795392355
"482","FT482",-13.844277011676,-0.155997557358967,0.998626459887131,0.998626459887131,0.204757531171868,-0.999249559498849,-0.0112595616471974,0.999249559498849,0.0112595616471974
"483","FT483",-13.8070419166873,0.216312026729921,0.993379607245848,0.993379607245848,0.203681720910068,-0.996562011984886,0.0156129277998323,0.996562011984886,0.0156129277998323
"484","FT484",-13.8515795889418,-0.151654413388672,0.999673153650275,0.999673153650275,0.204972144382556,-0.999776643514137,-0.010946083038275,0.999776643514137,0.010946083038275
"485","FT485",-13.842759059697,-0.166889497150455,0.998425833033292,0.998425833033292,0.204716394810146,-0.999139997053291,-0.0120457179794893,0.999139997053291,0.0120457179794893
"486","FT486",-13.8385409056842,-0.167772499406242,0.997819074665165,0.997819074665165,0.204591985583608,-0.998835539945442,-0.0121094511462259,0.998835539945442,0.0121094511462259
"487","FT487",-7.76995403452642,-2.09883090073663,0.337466025584699,0.337466025584699,0.0691937506451766,-0.560818245674996,-0.151489012481826,0.560818245674996,0.151489012481826
"488","FT488",-8.78399158828346,-1.12482875565386,0.408559171063855,0.408559171063855,0.0837706295245923,-0.634009252908702,-0.0811876732638916,0.634009252908702,0.0811876732638916
"489","FT489",-13.8434293658845,-0.146237781692402,0.998488825907865,0.998488825907865,0.204729310816278,-0.999188378284176,-0.0105551224390396,0.999188378284176,0.0105551224390396
"490","FT490",-13.8429542786786,-0.138998495634365,0.998409543826668,0.998409543826668,0.204713054884892,-0.999154087531341,-0.0100326066443557,0.999154087531341,0.0100326066443557
"491","FT491",-13.8388464882446,-0.168602219479437,0.997864590335702,0.997864590335702,0.204601318078493,-0.998857596224628,-0.0121693385218503,0.998857596224628,0.0121693385218503
"492","FT492",-13.8382974656681,-0.170642948348318,0.997789034624618,0.997789034624618,0.204585826198907,-0.998817968978857,-0.0123166338570683,0.998817968978857,0.0123166338570683
"493","FT493",-13.8187875900079,-0.161235072967948,0.994961720651207,0.994961720651207,0.204006116114809,-0.997409788931394,-0.0116375940399854,0.997409788931394,0.0116375940399854
"494","FT494",-13.8381932704565,-0.163776072670996,0.997762047816526,0.997762047816526,0.204580292846426,-0.998810448396941,-0.0118209978271109,0.998810448396941,0.0118209978271109
"495","FT495",-13.8343892983177,-0.0595323680496056,0.997092379172303,0.997092379172303,0.204442984549679,-0.99853588602862,-0.00429691579410907,0.99853588602862,0.00429691579410907
"496","FT496",-13.8386819768697,-0.169348426980539,0.997842183238789,0.997842183238789,0.204596723746148,-0.998845722154299,-0.0122231981431322,0.998845722154299,0.0122231981431322
"497","FT497",-13.8374705588003,-0.177504785062229,0.997682256105558,0.997682256105558,0.20456393242098,-0.998758284654224,-0.0128119061856952,0.998758284654224,0.0128119061856952
"498","FT498",-13.838520529244,-0.170780559669112,0.997821442069669,0.997821442069669,0.20459247099424,-0.998834069218668,-0.0123265663404743,0.998834069218668,0.0123265663404743
"499","FT499",-13.8385217417236,-0.181402719663379,0.997841105866285,0.997841105866285,0.204596502842594,-0.998834156732786,-0.0130932505585266,0.998834156732786,0.0130932505585266
"500","FT500",7.19938113929926,10.1021839537985,0.801685908199596,0.801685908199596,0.164377005749256,0.51963554514561,0.729153487559938,0.51963554514561,0.729153487559938
"501","FT501",-13.8408493925749,-0.155209191707035,0.998130818188783,0.998130818188783,0.204655905214039,-0.999002161467586,-0.0112026591430253,0.999002161467586,0.0112026591430253
"502","FT502",7.11310836207541,10.0802064469526,0.792942384373988,0.792942384373988,0.162584240962635,0.513408565248793,0.727567199304067,0.513408565248793,0.727567199304067
"503","FT503",-13.1754765414631,0.342398397580019,0.90496803003543,0.90496803003543,0.185553885324115,-0.950977007982489,0.0247135655886103,0.950977007982489,0.0247135655886103
"504","FT504",-13.3881534186772,0.135410620913608,0.933884474699616,0.933884474699616,0.191482888868019,-0.96632755866076,0.00977364171384833,0.96632755866076,0.00977364171384833
"505","FT505",-12.7587959407768,-0.0707839812387827,0.848086440822797,0.848086440822797,0.173890932013598,-0.920901915846124,-0.00510903256361998,0.920901915846124,0.00510903256361998
"506","FT506",-12.9165677495533,0.123384848620469,0.869243095223476,0.869243095223476,0.178228874674789,-0.932289539070383,0.00890564783764827,0.932289539070383,0.00890564783764827
"507","FT507",-13.2284859391363,0.0927915511955634,0.9116938353949,0.9116938353949,0.186932938809943,-0.954803110077206,0.0066974907089176,0.954803110077206,0.0066974907089176
"508","FT508",-13.5916170828094,-0.168381193842346,0.962534446034748,0.962534446034748,0.197357254944188,-0.981013119819837,-0.0121533853759897,0.981013119819837,0.0121533853759897
"509","FT509",-8.16392783680233,-1.7058040374518,0.362379589471813,0.362379589471813,0.074302006874232,-0.589254410889422,-0.123121195247502,0.589254410889422,0.123121195247502
"510","FT510",-8.49230367636139,-1.66493133160719,0.390155976648176,0.390155976648176,0.079997253987701,-0.612955858986185,-0.120171092957848,0.612955858986185,0.120171092957848
"511","FT511",-13.8406200798608,-0.211898656443303,0.99820616741617,0.99820616741617,0.204671354756381,-0.998985610178677,-0.0152943804093772,0.998985610178677,0.0152943804093772
"512","FT512",-13.8382974656681,-0.170642948348318,0.997789034624618,0.997789034624618,0.204585826198907,-0.998817968978857,-0.0123166338570683,0.998817968978857,0.0123166338570683
"513","FT513",-13.8402787729884,-0.209060996742357,0.998150725318487,0.998150725318487,0.204659986955205,-0.998960975396983,-0.0150895643540652,0.998960975396983,0.0150895643540652
"514","FT514",-13.8386464131182,-0.188829233690571,0.997873406046077,0.997873406046077,0.204603125644349,-0.998843155240697,-0.0136292800575048,0.998843155240697,0.0136292800575048
"515","FT515",-13.8390990852746,-0.193330164326145,0.997947638239822,0.997947638239822,0.20461834615105,-0.998875828124408,-0.0139541473619613,0.998875828124408,0.0139541473619613
"516","FT516",-13.8396906087049,-0.172060712459611,0.997992446260497,0.997992446260497,0.204627533550001,-0.998918522988621,-0.0124189649620071,0.998918522988621,0.0124189649620071
"517","FT517",-13.8394210817635,-0.170290264304547,0.997950423352779,0.997950423352779,0.204618917208273,-0.998899069124957,-0.0122911778960901,0.998899069124957,0.0122911778960901
"518","FT518",-13.8433061273577,-0.136135278142088,0.998456188855389,0.998456188855389,0.204722618942431,-0.999179483197528,-0.00982594588370389,0.999179483197528,0.00982594588370389
"519","FT519",-13.8439371728336,-0.123968415599392,0.998530724489873,0.998530724489873,0.204737901666367,-0.999225030676338,-0.00894776842264773,0.999225030676338,0.00894776842264773
"520","FT520",-13.8367835257494,-0.129661043614724,0.997506644022417,0.997506644022417,0.204527925066847,-0.998708696115017,-0.00935864983103865,0.998708696115017,0.00935864983103865
"521","FT521",-13.8402946179106,-0.273076746005018,0.998313802578436,0.998313802578436,0.204693424179712,-0.998962119048729,-0.0197100807737925,0.998962119048729,0.0197100807737925
"522","FT522",-13.8357957319915,-0.106344632437339,0.997335572049737,0.997335572049737,0.204492848613152,-0.99863739932742,-0.00767572239622598,0.99863739932742,0.00767572239622598
"523","FT523",-13.8372108921577,-0.18514604037805,0.997659255125193,0.997659255125193,0.204559216319271,-0.998739542485316,-0.0133634352400411,0.998739542485316,0.0133634352400411
"524","FT524",-12.2419789969715,-0.576697177398954,0.782480168613625,0.782480168613625,0.160439077024238,-0.883599202024129,-0.0416247377883383,0.883599202024129,0.0416247377883383
"525","FT525",-12.6203804625376,0.103436964034506,0.829815299613559,0.829815299613559,0.170144632555321,-0.91091139011902,0.00746585326631405,0.91091139011902,0.00746585326631405
"526","FT526",-13.8364483704855,-0.116730998431749,0.997441728366933,0.997441728366933,0.204514614815331,-0.998684505342936,-0.00842538752037475,0.998684505342936,0.00842538752037475
"527","FT527",-13.8377095201335,-0.13617787360564,0.997649173680285,0.997649173680285,0.204557149228269,-0.998775532359308,-0.00982902033086753,0.998775532359308,0.00982902033086753
"528","FT528",-10.6958842486702,-0.823013908324127,0.599521207200654,0.599521207200654,0.122925325136547,-0.772005473086133,-0.0594033393481448,0.772005473086133,0.0594033393481448
"529","FT529",-13.2777443585593,-1.80411281688097,0.935407409165731,0.935407409165731,0.191795150072727,-0.958358474786285,-0.13021690739315,0.958358474786285,0.13021690739315
"530","FT530",-11.7418897436902,2.09056155071282,0.741031226927474,0.741031226927474,0.151940420809678,-0.847503856226728,0.150892148928629,0.847503856226728,0.150892148928629
"531","FT531",5.9131757771685,9.08781619157161,0.612413801255276,0.612413801255276,0.125568811800543,0.426800062263386,0.655938646602902,0.426800062263386,0.655938646602902
"532","FT532",5.49513689823032,8.72280347560801,0.553700054100118,0.553700054100118,0.11353019436325,0.396626932580986,0.629592829097915,0.396626932580986,0.629592829097915
