Features,BNC,Bog_T0,III_Bog_N1,III_Bog_N2,II_Bog_N1,II_Bog_N2,I_Bog_N1,I_Bog_N2
FT0039,0.0,5.963406549586997,6.168954315379483,6.185197110257109,6.043046633100812,6.016563055786848,5.931966974920721,6.187020073307745
FT0473,7.6951265246253024,3.8381343973094664,6.275135765190557,6.370515422186555,6.761376727035268,6.706847184812118,6.846109210224886,6.831936995426746
FT0583,5.795056501286005,0.0,0.0,3.5716280115601604,0.0,3.551233817885739,4.7374288121340795,4.982104670571758
FT0591,4.854318758703749,0.0,6.185513446281635,6.370765345944672,5.9736511014463085,5.7683093225150746,4.336158741183259,4.285013455049343
FT0628,6.194673263920968,0.0,5.608194531491451,5.718718620975903,5.681071222214985,5.647269145113764,5.988814170701544,6.1063194356909545
FT0645,6.210362250016245,3.590254180334542,0.0,0.0,0.0,0.0,2.852783823895855,4.189719637748498
FT0654,6.190433229625256,6.010038868330095,5.961032972117978,5.655481100874841,5.668078713128631,3.645742827773745,5.77296774355084,3.597893957638747
FT0742,6.165961580618424,0.0,5.156717724159825,5.186014780654074,5.557320725656817,5.720822165912394,5.606125557408993,5.479146777356247
FT0748,6.2313427944071815,4.294175556317582,4.240252227221778,3.4260352349527055,3.8627955223781214,3.6615293135523013,0.0,4.321381560740283
FT0756,6.646980748979612,0.0,3.4471849563237584,3.46170684848495,0.0,3.262707497779302,4.282507398281005,4.78246583169968
FT0759,5.9683338008249445,0.0,0.0,0.0,0.0,0.0,3.4324308339078096,3.6908471517465116
FT0793,0.0,6.076529096879436,5.791090138509174,5.16514491814606,3.8742394504398683,0.0,6.128881777156782,0.0
FT0817,6.174095796956015,5.269358946919308,0.0,3.4609169444924253,3.7210565546765895,3.5909224945460396,5.471568380208432,5.4620280791011195
FT0865,6.2102666013106065,3.321265907961749,0.0,3.5230873686491866,3.796305330989318,6.088978539001771,5.060116550340975,0.0
FT0918,5.486976166064209,6.428963616973627,3.5837912146785054,0.0,0.0,5.272150094890671,0.0,5.113051877148221
FT0954,5.973527021901295,3.4176796259888422,4.143643644328912,4.433639588295451,4.079925392592007,6.648577833357473,4.511930444997228,4.522642998863602
FT0981,0.0,4.42842285875835,0.0,0.0,5.734801945580879,3.2255992865532574,5.922116217678159,5.744750731670317
FT0997,0.0,4.8815106811382165,6.663294177846988,6.824037287981376,5.554468103078756,5.4847411737588,4.960882077362712,4.935700135174099
FT1049,0.0,5.222118314318823,5.768409199678395,5.558565771679141,5.441444409871123,5.2405944711566494,5.067380596594635,5.530514464894691
FT1091,7.586230013253614,3.5864524916773597,6.3250475756262805,6.438124148011689,6.548737346941233,6.709997245487276,6.676249848495335,6.754207136826781
FT1100,5.838380811539977,0.0,0.0,0.0,0.0,5.245125000151364,0.0,3.5023799299446927
FT1121,5.767184316632351,3.198553485722736,0.0,3.796784495949399,3.330817367975169,0.0,0.0,0.0
FT1139,7.525655793069391,6.000348460077935,5.203809126018477,3.481587508699132,3.602321143096556,5.282632307037172,6.158438879237002,0.0
FT1185,0.0,5.523147486830937,5.820659271540653,5.540068233008961,5.276780851714866,5.14147488221271,4.653269465277852,5.201204874738169
FT1187,6.905080275729135,3.922430107908891,3.8879928227107303,3.9220402440202218,4.3991172931626386,4.693390222994437,4.727971532096661,4.0334482957572115
FT1218,6.3459867153720895,5.377282468254752,4.135888773635335,4.078090357989481,4.284940901694806,6.403697448856217,3.835641645915583,3.9991049964180734
FT1220,5.93174612484866,3.315043560730225,0.0,0.0,0.0,3.2749651228852494,0.0,3.5759465091880656
FT1234,6.3500764048961305,3.4694714888566502,3.565826016318833,0.0,3.650805938965673,6.20256334042455,0.0,0.0
FT1249,5.8299223300599134,0.0,0.0,0.0,3.425199719443937,0.0,0.0,3.7805614068483404
FT1262,5.626936576520256,3.5217215336578573,6.267653926822829,6.473107317111004,6.577044701722955,6.097178331108824,6.607115819839428,6.572254686389348
FT1280,6.074018355407145,0.0,2.6816654379415845,0.0,0.0,3.097720957933236,0.0,0.0
FT1298,6.2193000217825425,0.0,3.453696505488969,0.0,3.631731411171116,5.647076652936282,0.0,0.0
FT1310,5.681950731617542,2.9220086308148345,0.0,0.0,3.083074284053262,0.0,0.0,0.0
FT1311,6.041151499211226,4.779043408616239,4.049733091427755,3.7174750159462593,2.70183195558716,3.6527153146988907,0.0,4.044403908815751
FT1319,6.050504259284952,0.0,3.3671548798887043,3.6652995058718454,3.4177455421557683,6.137182457213342,0.0,3.5062054873108255
FT1356,5.839035353212271,2.8588497158914574,3.2700629784611333,3.410526855271645,3.508456749484095,3.2647994921110834,0.0,0.0
FT1388,5.9967685888690685,0.0,3.3681734230163474,3.6676170250499744,3.5680953640567727,3.4770427148475185,0.0,0.0
FT1402,5.967386699216133,3.3533568673362755,3.551411197150642,0.0,5.553178685278087,5.700660596856907,3.944566569500259,0.0
FT1409,5.995064451639745,0.0,2.8925495986802074,0.0,3.060736840497223,0.0,0.0,0.0
FT1421,6.604801801877264,5.38455082882602,3.2566830519944254,6.125975253497603,5.85576692970917,5.85432878877463,5.088599648194286,5.489460265614844
FT1440,6.263057931213237,0.0,0.0,3.3835324574439403,4.010961010608937,6.902887656690057,5.637982545972293,3.975648948798518
FT1455,6.62536451207556,2.857241238669455,3.343824577750563,0.0,3.521193882990987,5.469602093224102,3.589109424652393,3.68436412876848
FT1482,6.020067361530597,3.858828305659634,3.607565961561886,0.0,0.0,3.3454554268150916,0.0,0.0
FT1494,5.949450646834933,0.0,3.2128854339542228,0.0,0.0,0.0,0.0,0.0
FT1510,7.947155751520092,3.3472574447781716,5.306519284158186,3.1746623900522284,2.869170573411329,3.8821005421552046,3.2757433075360365,3.691200472325897
FT1513,5.999458003698426,6.022622959692902,0.0,3.4835251022131115,3.4407879611706114,3.7538371600135365,0.0,3.972913627314383
FT1522,5.868338391891722,6.1174921472558275,3.7889884884340694,0.0,0.0,0.0,3.818025383197794,3.584159706732242
FT1558,6.262854071229268,0.0,0.0,0.0,3.346313632653554,3.0269428035381223,0.0,2.9443558537701477
FT1599,5.90995920025925,3.515709715164331,0.0,0.0,0.0,3.46914068500148,0.0,0.0
FT1606,4.1083193281042085,0.0,3.9833012531107266,3.3478739786641145,5.155454534666519,6.46467383968604,3.6889156303427995,5.203682852139969
FT1609,5.882731734141924,0.0,0.0,0.0,0.0,0.0,0.0,0.0
FT1628,5.769352736602525,0.0,3.7184316127814934,0.0,0.0,3.4891564164627398,0.0,0.0
FT1638,6.3503067467150025,0.0,5.302323979120866,6.009150011710913,0.0,5.239302270357417,5.683614397069262,5.618619575640893
FT1644,6.283192410380758,0.0,0.0,3.283468915222789,0.0,0.0,0.0,0.0
FT1652,6.002150331484727,0.0,5.617223732397134,5.404614891114824,5.486477356845901,5.230049022289718,5.19240816834387,5.201706476169687
FT1687,5.014319040776121,3.3862547002786254,4.285336642031339,6.167797166690713,6.32204392043325,6.097471257575711,4.034763211134633,4.379848325447465
FT1689,6.195620411839179,0.0,3.2753139245022305,3.5533134904917127,3.0243883403380085,3.509398713040911,3.4643950343077297,3.2818779977453
FT1706,5.914939233676437,4.966021381894773,3.708022284007524,0.0,0.0,4.653459554565432,5.275909621042944,5.319760496527993
FT1714,6.289614727391826,5.892446808821678,0.0,3.370303306717424,3.6674438581441993,0.0,0.0,3.2563245437337094
FT1723,6.115024944987399,3.095365382754129,3.3687825250566887,0.0,0.0,5.860473961897118,3.4955853407062794,3.3339901801822216
FT1763,5.422198136804739,6.267830377634914,6.0229998180735755,3.6987443189196525,5.801942454561088,0.0,3.873464075001633,4.063009690758258
FT1771,7.034069947113957,0.0,4.5409646185429136,4.210830182378393,3.5807547317681805,4.117638382755103,3.5494682022459285,4.475025300426696
FT1806,0.0,5.6434861504160105,5.3645358173227615,5.6412516761997855,5.336420529886935,5.982844219837136,4.709478008439992,4.9727095093387215
FT1834,5.854620200953919,0.0,0.0,0.0,0.0,5.097550168592376,0.0,0.0
FT1847,0.0,5.142490264174584,5.2706974783566976,5.325182894336615,5.432247245506224,5.378783628007134,5.3956235629520055,5.203332363132656
FT1876,6.7616509721884634,2.9267558284650015,0.0,0.0,2.732985928986501,3.099682555209636,0.0,3.463585643494358
FT1891,7.373316268349179,7.312997316755224,4.23526679866898,4.911238227234368,5.892304541434492,5.876727108713634,3.932272235192517,5.580030966033719
FT1893,5.914802214574264,5.395148613417062,3.4576131995783315,3.5715886423293957,0.0,6.730104890231693,3.5198054687641935,3.6464928603029385
FT1895,6.299712310140564,0.0,4.986740934919883,4.995311777459112,4.594944058879368,5.103698673556134,5.043942550950779,5.206244669831
FT1912,5.826953704901106,0.0,3.484579214957277,4.024101254285796,0.0,6.076483487051228,3.840819657067079,5.611592315590209
FT1918,5.958315165173807,0.0,3.2203549670667417,0.0,0.0,3.12186830812232,0.0,0.0
FT1920,6.355129252042855,0.0,0.0,0.0,0.0,0.0,3.097483228975314,0.0
FT1933,0.0,5.121653705876939,6.055960006121693,5.934220481657912,5.877135476972021,5.879994566416862,5.749560617201814,5.894205775840906
FT1955,5.36281460658801,3.651273885305219,0.0,0.0,5.502541314625291,5.57723745079128,3.606080996199664,5.898274241974091
FT1962,6.753513168843834,3.176448526033558,3.91173612710724,0.0,0.0,2.9670750937766135,0.0,2.7505405470151643
FT1970,5.948874104598477,3.467638894959848,0.0,0.0,0.0,0.0,3.70049141587087,0.0
FT1980,6.095890252233511,0.0,3.401869711442159,3.499391666523342,4.2561889916263915,6.022309284580891,4.3833141740401205,4.114866250357363
FT1983,0.0,4.9830426420154295,5.336109027417819,5.81046052274716,5.6788083142697685,5.217536980251426,4.215567079411886,4.024738446795469
FT1988,5.799331606782636,0.0,0.0,3.08652110755385,6.023702333178611,0.0,0.0,3.5588271693274014
FT1997,6.278990920690935,3.2385063645149446,0.0,0.0,3.519973649649469,3.633465598465947,3.319689443813095,2.8584961444476473
FT2009,5.564977996359093,0.0,0.0,0.0,0.0,3.105466268350928,3.0684345571563516,0.0
FT2010,6.725877435995369,0.0,3.1602701680206597,0.0,0.0,3.0976800718695077,0.0,0.0
FT2032,7.546398345768395,3.304205400009661,3.5790272576975304,2.9795922445243717,0.0,0.0,3.2518714472871886,3.173156219473969
FT2044,5.831861466995642,0.0,3.5208257492972086,0.0,0.0,0.0,3.544834304141241,3.563503846163831
FT2062,6.547635570756141,6.250726226768655,6.196489691287162,6.193764622567317,3.9793942777159277,6.361401510879783,4.0335390959172805,4.423461437277992
FT2065,6.284232220577121,4.295146274716102,3.781798372822308,3.8238656121129124,3.417461701822258,6.3851342554979,4.458890459683834,3.5801812735309304
FT2071,6.175757192532765,0.0,4.521807606126274,0.0,4.097282472526899,4.659154424210448,3.8002214402528436,0.0
FT2085,0.0,6.104787658737035,3.8797651775346607,0.0,5.95843534229981,6.5953183739147105,3.648776798395601,4.047424248412897
FT2092,6.135514953080929,0.0,3.496258327196761,0.0,0.0,0.0,0.0,0.0
FT2093,6.372327222292145,0.0,3.606016830927712,3.0992905987206907,3.277050930834539,2.6557671035307795,3.1729244138755455,3.2370152843801425
FT2108,5.42794213212296,0.0,4.876629115079141,4.894687270826621,5.493441655853606,5.671342833972135,4.658344704507105,4.788073222730009
FT2109,6.699786311862763,3.287234841314637,4.45485568708541,0.0,0.0,3.366404956865058,0.0,3.3753270686964587
FT2129,6.0767309609148095,3.258690001300534,3.950737134519643,3.128131312122619,0.0,3.6451623033327505,0.0,3.570746260690864
FT2133,6.010161861599338,0.0,5.210025567546291,0.0,0.0,0.0,0.0,0.0
FT2200,5.872048373939382,3.5973078363282474,4.122646731831792,4.167625597930373,4.27370338870858,4.453737081423136,3.666967934983449,0.0
FT2201,6.17771342250822,0.0,5.10330218995996,4.290628043916024,3.499994153784979,4.407890028459943,4.531538995629594,4.852456226544608
FT2220,6.176325031872268,0.0,0.0,3.694435266545547,0.0,6.032998353124191,0.0,0.0
FT2226,6.623112263806712,0.0,3.5264795942783937,0.0,0.0,3.018361122989595,3.2071777739845473,0.0
FT2235,6.196207893702524,0.0,5.267658657015758,5.115845463666895,5.190787587625786,5.22500001141696,5.380318732647561,5.493882369460225
FT2242,6.3680402717499245,4.403969582799584,4.751364027936048,4.388573027583101,3.6745092625009077,4.628513928804548,4.378910273560822,0.0
FT2265,7.105408102073286,3.5005307889471773,3.7853020412185177,3.6220155323944874,3.118335164371025,3.639221331001618,0.0,3.387238598471386
FT2266,5.856800177825807,0.0,0.0,0.0,0.0,0.0,0.0,0.0
FT2268,7.014014701196512,3.925004219750239,5.000850996035488,4.389648830005053,0.0,4.260099933089175,5.412694727428382,4.733309276120162
FT2283,6.202764405699116,0.0,4.515780405232404,0.0,0.0,0.0,4.973695299713753,5.224583417867887
FT2287,5.640913070189165,0.0,4.461440484635262,4.14398395300421,0.0,4.3017214438209646,4.320806628020459,4.2249898809535225
FT2291,6.081493993022101,3.1245047324880795,0.0,0.0,0.0,0.0,0.0,0.0
FT2299,5.6938782131428685,0.0,3.7377917361966357,3.4993932723570143,3.4969934203428497,5.994202249362002,3.8750764082574243,4.013107380905255
FT2319,5.83067884981713,0.0,0.0,0.0,0.0,3.671398882280571,0.0,0.0
FT2327,6.009960150591148,6.0230489842441415,3.36369962026177,0.0,3.666814483073769,5.971844974513567,3.8448755019694203,0.0
FT2337,6.248081547802744,0.0,4.902438344452055,3.5143998956820592,3.5451796884344664,3.9729812935388154,4.387271398384916,4.65318857115471
FT2339,6.48293365739409,0.0,5.70948428185527,5.403522791391224,5.410422278739016,5.813265203267272,5.774856358560223,5.740518907877241
FT2348,5.963236480182816,0.0,0.0,0.0,0.0,0.0,0.0,0.0
FT2351,6.386640404024308,3.494851578940231,0.0,3.6499465900918113,0.0,3.5922188122541576,0.0,3.633751253454206
FT2353,6.367014061716775,3.0476309881925485,5.319944377343033,3.014052182901608,0.0,2.947422694052077,0.0,3.1876360063264713
FT2358,5.974367467966601,0.0,0.0,0.0,0.0,0.0,0.0,0.0
FT2361,6.281561853600763,0.0,5.441054911206288,5.294770799855559,5.3014643960135555,5.444135979185685,5.550025261372966,5.534092369215609
FT2381,6.594315198897806,3.8635845679162504,5.951967873026065,0.0,4.900827195127206,3.9599909988055186,4.383249835721063,0.0
FT2385,5.374195248662894,0.0,6.183225054293655,4.649885893914206,6.485813881690187,6.219463996755157,6.247086824647731,4.840699166368786
FT2410,6.322231389465441,5.751442406449259,3.4589226503577564,4.456938714983398,6.63851220360912,6.182788892565319,4.449896880639155,6.213959216458815
FT2411,6.157834137077491,4.797362990260201,3.8098215702200418,0.0,4.023939243015004,6.088228226153746,4.3165094795941386,4.178760096592817
FT2413,5.8163289480367215,5.772085724965662,3.999488902623262,3.7641067530253918,5.48161340037499,6.656110185582883,4.069010242675168,4.09663258873323
FT2423,5.747318342156843,6.390303267436244,6.319997017895465,0.0,6.339573028337381,6.329584392661775,6.05362122709852,6.365426488206415
FT2441,6.719518640929529,0.0,0.0,0.0,0.0,0.0,3.8772881128828747,3.9168890025060494
FT2442,6.292453233518284,0.0,0.0,0.0,0.0,5.673146390894594,0.0,0.0
FT2446,6.176094559291964,3.6931473613109653,4.5153303158693,3.9430415144416764,3.111005341607756,4.062514627058556,0.0,4.263455849381649
FT2447,6.433403439602447,0.0,0.0,0.0,0.0,0.0,0.0,0.0
FT2458,6.2030346649747585,0.0,0.0,0.0,0.0,3.7058800793745577,0.0,0.0
FT2472,6.027984003666466,0.0,3.39559025151682,0.0,0.0,0.0,0.0,0.0
FT2476,5.85541293841434,0.0,0.0,0.0,0.0,0.0,0.0,0.0
FT2480,6.082607309018848,4.515572533240863,0.0,4.136855150513035,0.0,4.393636507562252,4.12185008231793,4.493200949614695
FT2484,5.773687962432456,0.0,0.0,0.0,0.0,5.511408780641975,0.0,0.0
FT2512,0.0,6.290468920474741,3.4093268744951297,3.7930368785239055,3.723901937632786,6.283689508152526,3.8413656117968937,3.6704386049310687
FT2518,6.925801732509148,0.0,3.576412570074005,3.602911664211392,0.0,3.5016418289652216,0.0,0.0
FT2527,3.2088701679386293,5.842668518354246,5.983210675742821,6.085556165411619,6.309495790662004,5.94300746134306,6.152189100648887,6.174886783724472
FT2540,5.762926079130623,4.637881484618281,0.0,0.0,3.3600940724218504,0.0,3.265391302964603,0.0
FT2544,5.450573026707161,5.583185272369567,4.507247045707398,4.716246096837415,4.088968607023615,0.0,6.529014984427676,5.0512501573063
FT2550,0.0,5.5937454724618485,5.905080507926517,5.957730150243363,5.547617295780378,5.3685690914152335,6.5292317246289295,5.797472178442356
FT2552,6.0931003008900975,3.881385881694807,3.320606013926168,0.0,0.0,0.0,0.0,0.0
FT2577,5.423923473319707,5.935591900495242,4.018545373415143,0.0,0.0,0.0,3.80697475835005,0.0
FT2578,5.179502753280587,0.0,0.0,0.0,0.0,3.5558610481478508,0.0,6.3052342300814965
FT2588,5.571930694552949,0.0,3.2561507499497044,0.0,0.0,0.0,0.0,3.1350802920452296
FT2592,5.910281828285741,0.0,0.0,0.0,0.0,4.067680316153343,4.496687951245465,4.097568858325394
FT2593,6.0336412043412,5.312336915039792,0.0,0.0,0.0,4.037577194080406,3.7006248145180463,0.0
FT2600,5.804285597382523,2.6751087393901876,5.5451637356583365,3.5178993574057786,3.223042135893831,3.2729098826707945,0.0,3.2934706167915526
FT2614,5.826812864968405,5.144181790928462,4.405097084431056,4.207681986080256,4.741301644589164,7.6059883357220235,3.7723077482800926,0.0
FT2616,5.84481117510195,0.0,0.0,0.0,0.0,0.0,2.6408835973109057,2.9756941682382667
FT2630,5.365889413797322,0.0,0.0,3.7582189398696615,0.0,7.135028560681809,0.0,0.0
FT2670,6.372391643739159,0.0,0.0,0.0,0.0,0.0,0.0,0.0
FT2676,6.063432630635418,0.0,3.4077562830441357,0.0,0.0,3.095774487413917,0.0,3.656060120021554
FT2677,5.851924813748521,0.0,3.9521222091410446,3.655917321614387,3.187200520126211,4.180243962088981,4.559971628540064,4.782372068663771
FT2698,6.387541653017684,0.0,0.0,3.6837287609288993,0.0,6.126258148771571,2.866115291857283,0.0
FT2699,0.0,4.36112720419095,4.9335957576617675,3.7551499201666587,3.8911264929703413,5.649166684599778,5.704871235753184,4.405453127543201
FT2700,5.896732543010352,0.0,0.0,0.0,0.0,5.703507219281611,3.789074757184816,0.0
FT2721,6.342359673674696,0.0,3.5639516437509027,0.0,0.0,0.0,3.6079352394676625,0.0
FT2729,5.968415778532846,0.0,5.7976780151652365,5.581635878646986,4.387761478275136,4.578726911213524,4.699120269139849,0.0
FT2752,7.077642340870201,0.0,3.5835133292212547,0.0,0.0,0.0,0.0,3.9795794600884626
FT2753,6.142271722886352,0.0,0.0,0.0,0.0,0.0,0.0,0.0
FT2759,6.371828718653236,0.0,0.0,0.0,0.0,0.0,4.796270146158291,0.0
FT2770,0.0,5.71207781517671,5.675003764713208,5.748471881834932,6.02766775871865,5.783329634028281,5.960390090143398,6.064904615437873
FT2800,5.610551956109228,0.0,4.1188551930975095,3.4749887880579666,4.391089917455706,4.599403058246541,5.072062984180645,5.195777510599889
FT2805,0.0,5.576190196317807,4.212189780226997,3.724788751687252,3.7205281702085835,6.944232840490827,3.7191390516622094,3.9874143074938644
FT2815,0.0,5.091465740012244,0.0,5.646595974473388,6.38923072039669,6.332477857052636,6.250412903998637,5.985256920231591
FT2818,6.335588209269237,0.0,3.6820958488870073,0.0,0.0,3.8550048178482523,0.0,0.0
FT2821,6.058927446081359,3.6246983154755066,6.094696697724694,3.8404173744283145,6.13770076461433,5.129765941070638,3.9535809282497683,3.75021937454167
FT2825,5.934862500953871,0.0,3.466851768820865,0.0,3.107480561605223,3.7048985466533533,3.8972719493761327,3.991573857987406
FT2841,4.10397674402403,6.453761572774921,6.3833202881007916,6.5199204867244624,6.724691599407692,4.6003398672327735,4.7454731522168805,6.268690805328603
FT2861,5.69430179688116,0.0,0.0,0.0,0.0,0.0,0.0,0.0
FT2892,6.828963696065538,0.0,4.433360113531604,0.0,4.515586482426147,3.5978718419880344,3.6352570384588336,4.1952984200531205
FT2904,6.390874626046435,0.0,0.0,0.0,5.065478302194963,3.175589321580271,3.253181627488087,0.0
FT2905,5.89804833769778,0.0,4.569912172510262,0.0,3.9411324947615856,3.5113672862906213,0.0,0.0
FT2906,5.816567033900712,0.0,4.6306840576218695,3.7156394151770162,3.980591424035842,4.5503710750221975,4.624040008150484,4.204238370614888
FT2917,0.0,6.0845834386653666,3.73485785143725,0.0,0.0,5.492654224094056,0.0,3.7253000310073303
FT2918,6.1518327556637376,4.075470300394845,5.225909519736463,4.197825831332142,0.0,4.298927953618552,4.685923945232131,5.133190548040192
FT2920,6.142061427988622,0.0,0.0,3.429611246493235,3.5582455014993726,3.064001311351313,3.6172699805558857,4.2867666671269875
FT2931,5.919042421862902,0.0,0.0,0.0,0.0,0.0,0.0,0.0
FT2936,6.177146544630024,6.172409951989137,3.796206971578937,3.847988050319604,3.9056700108218054,5.499185562487854,0.0,0.0
FT2940,5.871986000578008,0.0,3.7099436509893238,0.0,0.0,0.0,0.0,0.0
FT2975,6.366053758122218,3.115095255414774,4.815336610971477,4.202622151683593,3.216829199368835,4.133514904254342,3.761299593937841,4.3627267920487
FT2992,5.269050347307156,0.0,0.0,0.0,0.0,0.0,0.0,5.8493573918154
FT3001,0.0,5.449160339312346,5.1640389891521234,4.920405682308969,5.454951659342357,5.834176746789549,5.811440378314066,5.051903338630767
FT3009,6.343318569602703,0.0,5.340067519160777,0.0,5.754413399717526,5.821561210678425,0.0,0.0
FT3013,6.418541408661176,0.0,3.588071525964441,0.0,0.0,0.0,0.0,0.0
FT3020,5.016733141934005,3.7327074018613917,0.0,0.0,3.823368495135262,5.955418677519084,0.0,4.170219824409858
FT3021,5.284171713911302,0.0,0.0,0.0,4.501162679498299,6.034476687941739,0.0,3.897883924271295
FT3028,3.1311912108393014,3.6834493744517096,5.968514528640771,5.817315916117308,5.94979612708597,4.211209621498445,6.228424047468975,5.934998505017778
FT3032,5.773584440664179,3.3338274804009846,2.8379942942909,4.017376838926849,0.0,5.980437189908404,4.3021587836610475,4.160446410692733
FT3039,5.459987489564978,0.0,4.353142341797989,4.095306792951557,4.3962883300057785,0.0,4.4895251829498894,4.2414007156988704
FT3044,6.389710713973152,3.876481021960272,5.468154156617885,4.930287560121265,0.0,5.05943364491508,4.97602865583222,4.992947005810657
FT3053,0.0,6.1748448522329635,5.125586995106743,5.538174263924786,5.33740632592486,5.52226733098283,5.222210367767701,5.538302134316381
FT3082,0.0,5.696164941916356,5.546659309892588,5.9803968797921865,5.74290149113849,5.934375937617767,5.845430535445987,5.76378520158064
FT3091,6.0724057269021,0.0,3.547661353638181,0.0,0.0,0.0,0.0,0.0
FT3106,5.810438253109448,3.6116819521569075,4.397205994254895,4.311370424628777,0.0,3.8477641201839616,3.9876078233551313,4.371694553397052
FT3117,0.0,6.311341791841752,0.0,0.0,0.0,5.992984703090308,0.0,0.0
FT3133,0.0,0.0,6.033026367293272,6.195038077551545,6.134024509926134,6.792645914779474,6.289322973006709,6.359160408421447
FT3136,0.0,5.3246858430773285,5.132026168114502,5.081150713869031,5.716125729302166,5.521780225163831,5.431295974458205,5.456997434278841
FT3141,6.475840733109413,0.0,4.581047936191096,3.9851970475300624,0.0,4.050370214477341,3.745340675512352,4.276505822585674
FT3147,0.0,5.634164765793945,5.027999399565199,3.7140115562440896,0.0,6.046313444015242,3.9030218355776563,4.067742356278538
FT3148,5.147452955965506,5.945512534293914,5.901292614232945,0.0,0.0,6.6593822636046,0.0,0.0
FT3175,5.77915242654366,0.0,0.0,0.0,0.0,0.0,3.3194409494284205,0.0
FT3202,0.0,6.537834196703803,3.778760038177328,3.6903528555918252,3.108397430274168,4.142368553208115,5.738699343423949,6.592908957177867
FT3204,6.207291668411207,0.0,0.0,0.0,3.9778376441852994,4.041788966663607,4.18839476478703,4.47786901263962
FT3218,5.777604905657173,3.886302333836061,4.729999045811682,4.084270599785123,0.0,3.86580007859228,4.287860972173661,4.061600838587945
FT3246,6.237376506349877,4.216502340351216,4.042785614954225,3.3637561279917683,0.0,3.382287921972351,0.0,3.131655791717934
FT3267,5.822399056073339,0.0,3.695389182388681,0.0,3.6882984770792784,3.6895163591440694,0.0,0.0
FT3268,6.390433698608506,0.0,0.0,3.7337250702265443,0.0,0.0,0.0,0.0
FT3280,5.577011082816543,3.116892636653659,3.321120292140595,0.0,0.0,0.0,3.297372836513804,0.0
FT3298,6.002301229737138,0.0,4.084673694605634,3.412602667151523,0.0,3.3409183142976193,0.0,4.087541198464613
FT3306,6.171994027042454,0.0,0.0,0.0,0.0,0.0,0.0,0.0
FT3309,6.2504170682882645,6.11477142389797,6.351984765830398,6.21307087421506,5.277186414939408,6.54908379841565,3.9613332491396416,3.996676828891243
FT3314,6.0353618484912674,0.0,0.0,0.0,5.375375218295323,3.4185742146906564,0.0,3.6188686362851965
FT3376,6.081395726313393,0.0,0.0,0.0,3.8034841742671115,0.0,4.095978413757558,0.0
FT3381,6.572491618829842,0.0,3.7771217061236158,0.0,0.0,0.0,3.0787165363812843,3.6339795514301247
FT3386,5.788987183190469,6.669168035208041,0.0,5.134018363485147,4.703414541378901,3.3288303117396896,4.843874133461814,4.45991259890808
FT3392,6.6965967506409925,0.0,4.839398254875809,3.761807603209631,0.0,4.459851513337237,4.640962311128281,4.341782624008503
FT3403,6.076686789554748,7.95711698523937,0.0,6.688613685393323,3.2208055491960423,3.200076899188551,3.369605838042141,2.9202605921017715
FT3408,6.532926691377517,3.302310960287556,4.104725338218472,3.1410977316245376,0.0,3.7053179184704716,3.4234821668384257,4.196585449948457
FT3420,6.157360234488013,7.324444986607338,0.0,5.251765024793779,4.56977919271508,3.5608593405511937,4.637791334282319,3.952682662096849
FT3421,4.266949150497387,7.393471076527227,3.4712155350301237,5.789386261121641,5.248682245503689,0.0,5.316643950902739,5.115889754674677
FT3427,5.54330083804031,0.0,0.0,0.0,0.0,5.9515593257071675,0.0,0.0
FT3446,5.562367768696638,0.0,0.0,0.0,0.0,7.034277048664256,0.0,3.640616948230777
FT3470,6.708085184183177,3.6687474323468625,4.532501671905835,3.8337476828702775,0.0,4.030630823771296,3.8230094715593856,4.386563790288472
FT3481,5.8229436679391675,0.0,0.0,0.0,0.0,0.0,0.0,0.0
FT3488,6.013916892649647,0.0,0.0,0.0,0.0,0.0,3.534661584473339,4.352511248406417
FT3504,6.139297959826525,4.041193791999153,4.155866252362811,3.8595084135346456,4.123466557815532,4.358245812695827,0.0,3.7890508845974407
FT3522,6.0812707980707605,0.0,3.3675505953632374,3.31333903199691,3.274031192491425,0.0,0.0,3.6712898047471407
FT3529,6.418974950536263,4.851048905253147,5.086379351551892,5.039581207757375,0.0,5.9041383980175945,0.0,0.0
FT3531,3.4385187302174063,6.767722780312471,3.177915310366437,4.400605905787351,4.054497559623318,0.0,3.6867571418927687,3.9373903839496247
FT3532,6.173358895326871,7.17467828505223,3.97699512139388,5.229536906378598,4.716910327984891,4.494384673106823,4.723315536997031,4.640006884529351
FT3540,6.355926983065611,6.865954953866605,0.0,3.9719562970909066,3.7746539534534516,3.7883519614212893,3.29821759067877,0.0
FT3556,6.305733038751587,2.827111394833082,4.149951560061994,3.7727290083109026,0.0,3.8131038751642787,3.073868099956354,3.5431573589684353
FT3569,0.0,6.4716153019074705,0.0,0.0,0.0,0.0,0.0,0.0
FT3571,5.896850103611952,0.0,0.0,0.0,0.0,0.0,0.0,3.664470510845918
FT3579,6.1812945157650026,3.8344373212823633,4.519148328468181,4.232279772423267,0.0,4.398719289075724,0.0,3.728971765394533
FT3580,4.78821561936276,7.627492276376421,3.8912589123453194,6.192020781564726,6.023896363242232,5.7404318601590125,6.290565689588072,5.420575450599363
FT3583,6.456204593792299,0.0,0.0,0.0,3.5740540538722954,0.0,0.0,0.0
FT3594,5.208457468502284,0.0,0.0,3.7608815551141275,0.0,6.656263760061226,0.0,3.9408323594007775
FT3598,6.348460033853516,3.0418741948638437,3.9987799759955966,0.0,0.0,3.3407282008831385,3.1032829266541255,3.8751638340496872
FT3599,6.3784021605649786,5.6043370108337625,0.0,3.3661109442558694,0.0,0.0,3.228251955474506,0.0
FT3617,6.386071053795471,0.0,0.0,0.0,0.0,0.0,0.0,0.0
FT3618,6.5719063776078395,3.043159872588577,4.2083449856549215,3.58625709698536,0.0,3.415783755669135,3.1266899916859074,3.303289613416152
FT3624,5.732427304317507,4.12477837183341,3.7386704250365645,3.573803150252897,3.8600276055769416,0.0,4.166646385587054,0.0
FT3634,0.0,6.002978855315919,5.53646541822372,6.259735385454355,5.817703772079017,5.36905154606112,5.599441268922954,5.677681700107785
FT3638,5.8743669029112855,6.922676811599102,0.0,6.021196609978313,5.576761111069512,5.303406613992492,6.016668857350793,5.317668989037383
FT3647,6.339026167648882,3.054475792177277,4.135345024915957,2.9919902971244765,0.0,0.0,2.9884558200937485,3.398770907661823
FT3650,0.0,6.156796831221282,0.0,0.0,0.0,0.0,2.98887694958565,0.0
FT3652,5.635965177519575,0.0,3.7991263558970436,0.0,3.828944935047612,5.841886809429338,0.0,0.0
FT3657,6.52342645134142,6.280293092813441,4.275639193414382,4.0390418506123735,5.696798402304529,6.9999447274967945,4.237641506966807,4.3623788394790965
FT3660,5.948886409783072,0.0,0.0,0.0,0.0,0.0,0.0,0.0
FT3661,8.18781061869922,2.7298225039506887,6.192351243515737,2.909521300232529,0.0,3.16515184102823,0.0,3.023228880208118
FT3702,4.1708324659365,5.9724170903846945,0.0,0.0,0.0,0.0,0.0,0.0
FT3704,5.94959392320275,0.0,3.0074661902005366,0.0,0.0,0.0,0.0,0.0
FT3748,6.5359222296117405,0.0,4.089145813517047,3.539161723645527,3.243713174209921,3.680526027657795,0.0,4.064192428739279
FT3749,6.474895236515546,4.591281484674289,4.7165319795945235,4.050570607442655,2.977392786383617,3.1837116614380965,0.0,3.7443105547280218
FT3755,6.160146260815164,3.7405948067229775,0.0,3.7188281189601,3.9273239788441483,0.0,0.0,0.0
FT3770,6.545862475367543,6.864465509299303,4.203889999101967,3.107874932798028,0.0,3.175626783899913,3.0549891546091335,3.477878217920805
FT3776,0.0,6.452262694538031,0.0,0.0,0.0,0.0,0.0,0.0
FT3780,5.1433181615642996,3.7384339174215744,0.0,0.0,0.0,5.720307840849733,3.2492419228470437,0.0
FT3784,0.0,3.391208937536178,4.934610057144967,5.163562908615567,5.062319448874091,4.664265099562579,5.739165256543607,5.6087215302262745
FT3787,6.967280240363496,3.100822692875844,4.583575441886631,3.8424146171872233,0.0,3.0243910012333495,3.0586375568948148,4.0609014308394515
FT3788,5.682665804324102,0.0,3.816833728598178,3.7732075014782525,3.9304826414166376,3.5812886323840334,0.0,4.103163894766565
FT3790,6.433578096115953,0.0,0.0,0.0,0.0,0.0,0.0,3.7158899734056363
FT3797,7.358567463526081,4.414037924032399,5.037742505760233,4.525382084771047,3.9469467436768197,4.405720839560124,4.403455901676378,4.732147543473147
FT3809,0.0,6.5044292395722305,3.3540979202268173,5.210523444571431,4.482784321051626,3.494408619839339,4.719183729140491,3.566062847440623
FT3820,5.914439404849416,4.953930918413771,3.7249342488121937,0.0,0.0,0.0,4.023303479714025,0.0
FT3829,6.0867029625467195,0.0,0.0,0.0,0.0,0.0,0.0,0.0
FT3834,6.135819943156098,4.1191558333122815,4.360076916512424,3.097899846023275,0.0,3.588746829914244,3.0980180387479144,3.139489605809896
FT3848,5.625300596411412,0.0,3.9196517212671114,0.0,6.062901398823327,5.100855543387087,0.0,6.443112381230709
FT3870,5.739284472266771,3.165867542159524,3.9258814420037758,0.0,0.0,0.0,0.0,4.061660217351008
FT3890,5.637041362763974,3.1561469287299535,3.570099325408248,3.3423438345375565,0.0,3.301374239649768,3.3052610209254083,3.80546369475516
FT3897,6.1937329676963575,0.0,4.001170075739734,3.5273718110916605,0.0,0.0,0.0,3.622165064660692
FT3904,0.0,5.922216420030352,6.051344514297344,5.768786944886725,5.439976359254067,5.869638250281822,5.950165230659964,6.018518337386875
FT3916,6.3224944815905975,0.0,0.0,0.0,3.2645948152186333,0.0,0.0,0.0
FT3921,6.0634183094913485,0.0,3.8192932697440756,0.0,0.0,0.0,0.0,0.0
FT3927,6.664966762868084,0.0,0.0,0.0,0.0,3.6314022159936945,0.0,0.0
FT3936,0.0,0.0,0.0,4.152612990553241,6.3591306844420545,5.732625654549901,6.143652035454689,3.8747930772776664
FT3938,5.89947567563636,0.0,3.8435472212853243,0.0,0.0,0.0,0.0,3.508613017028775
FT3944,6.047994601606926,0.0,5.025682978438736,4.246656531819504,0.0,6.030729045331057,4.355795295670415,4.676667337772261
FT3949,7.039740054523974,4.229642490136401,4.984431752758233,4.240888113273246,3.575727499371888,4.482916683935553,4.306344563900743,4.666402135349854
FT3951,0.0,6.181804756592849,3.4101454746022526,6.280233986327548,6.363260309689928,6.185678640922993,6.377075814631957,6.43778158215622
FT3957,6.451607109981763,0.0,0.0,0.0,0.0,0.0,3.1757857230487674,0.0
FT3969,6.414055840836846,0.0,4.127856341767627,0.0,0.0,3.387633526116998,0.0,3.7272198543296415
FT3978,6.1445183605212526,0.0,0.0,0.0,3.961354401527729,5.261773813175634,0.0,0.0
FT3990,7.0670230277510715,3.9456821901315924,4.961508382052049,4.227752122331753,3.456644277315643,4.322940419004978,4.368305191982666,4.700799261896863
FT3993,5.724780043655102,0.0,3.4261627600397646,0.0,0.0,0.0,0.0,0.0
FT3994,6.024305864344516,0.0,0.0,0.0,0.0,0.0,0.0,0.0
FT4009,6.17255545117874,0.0,0.0,0.0,0.0,0.0,0.0,3.5870008193776264
FT4012,6.294640389794505,0.0,0.0,0.0,0.0,0.0,0.0,0.0
FT4015,5.919346846372907,3.1267106825442865,3.89957809331218,3.7271956502754877,0.0,3.380526219504515,0.0,3.311977300186214
FT4027,0.0,4.168242270499391,3.6739714290465515,5.574989778135323,5.6013971646051095,5.297008427958377,5.507324660401094,5.525367121047693
FT4032,6.014238208573489,0.0,3.9977355476280723,0.0,0.0,3.319324561428926,0.0,3.7065143419876723
FT4043,6.264811858444557,0.0,4.629040962312306,3.5163773188926877,3.2448456111582575,3.867316734152643,3.7340476440899804,3.8290957227748645
FT4066,6.0505289407593255,0.0,0.0,0.0,0.0,0.0,0.0,0.0
FT4074,6.179734653046769,0.0,3.9476245870275357,0.0,0.0,3.082141538536284,0.0,0.0
FT4083,0.0,6.282581635208052,5.982826492304995,5.924147668590736,5.991286839357756,5.819395936716515,5.997228870448224,6.06094215672436
FT4092,6.4224886027696195,3.47337593424554,4.063169333797428,0.0,0.0,3.8737455307019664,0.0,3.7853302671224194
FT4097,6.8795131954698725,0.0,0.0,0.0,0.0,0.0,0.0,3.3073600716777745
FT4114,5.92988356929712,0.0,3.665638831049285,0.0,0.0,0.0,0.0,0.0
FT4115,5.962721936610106,0.0,0.0,0.0,0.0,3.2267450487638762,0.0,0.0
FT4122,5.578546373081872,0.0,3.7965088786211147,0.0,0.0,0.0,3.7986294825828217,0.0
FT4130,5.996808827636818,0.0,4.264318158058124,0.0,0.0,3.9171539500197614,0.0,4.04323765046003
FT4137,5.567925263467743,0.0,0.0,0.0,0.0,0.0,0.0,0.0
FT4161,5.915018697132403,0.0,3.9751577151123936,0.0,0.0,0.0,0.0,0.0
FT4178,0.0,5.6600707600125535,5.785075887942038,5.737450811345723,5.871447751170039,5.683988981478294,5.885021739918489,5.92413649465374
FT4182,5.095353081165094,0.0,3.113351365686612,0.0,3.780133635030963,6.275096341230495,0.0,0.0
FT4187,7.2720347093524405,3.7285284315255205,5.10709191956336,4.5565877096473155,3.9478827673679975,4.532974506875038,4.415411329735439,4.741089365889685
FT4190,5.871515683002157,3.9103313149024346,3.6444532061568133,0.0,0.0,3.132833155254918,4.329085452414468,3.8610222961586813
FT4193,6.83993712165003,3.387019850424917,5.136021223146721,4.4629389308063505,3.628388741830308,4.396257197075682,4.370088905855784,4.58813569838032
FT4201,6.862061286128525,0.0,4.736301978329962,3.559655715944032,3.8887440499385506,4.715640852220498,4.99098596952786,5.07027249826896
FT4225,5.99679207945301,3.041016699480828,4.668499299454672,4.086901969470105,0.0,0.0,3.8967013633097225,0.0
FT4236,5.641236608550946,0.0,4.216422323046847,3.5674276505463562,3.2800702660206853,3.773208516018149,0.0,3.1974952863491817
FT4237,6.251229992650845,0.0,4.290317994508264,3.089071158010222,0.0,0.0,0.0,3.6929473426737283
FT4241,0.0,5.8763242116404255,5.936040781988444,5.050557631474212,5.571147308396594,5.457705748420423,5.599536633048092,5.044570052446975
FT4243,6.342378308772092,0.0,4.690151498835524,3.651801370321808,0.0,3.885586407383042,0.0,4.160730107992152
FT4250,6.241114480649203,0.0,4.594872474513949,3.745540159029591,3.4189121912944804,3.806823750525729,3.7202457836878766,3.8935324823087987
FT4264,6.010332193470947,0.0,3.691218980286108,0.0,0.0,0.0,0.0,3.147341783411277
FT4267,6.427510944803975,3.086979574646885,3.8591781492997352,0.0,3.9447085114338223,0.0,0.0,0.0
FT4286,6.02631330210887,3.113714081055427,0.0,3.1526718295116445,0.0,0.0,0.0,0.0
FT4310,6.455713212597939,0.0,3.751024394304566,0.0,0.0,3.401075517645805,0.0,0.0
FT4330,6.050073370557166,3.0742045074643403,4.20177986222847,0.0,0.0,3.6289254653155982,0.0,3.0682071512221167
FT4334,6.911943474882653,3.5644058884938494,5.062122789215633,4.545613043397312,3.8444722166377114,4.662078860006548,3.7580251785092362,3.9723195365836266
FT4335,0.0,5.577098510379289,3.299230424806462,4.0866157297116885,0.0,0.0,3.3929100635512444,0.0
FT4341,6.583328265263055,3.4244271922218306,4.787944982426386,4.011723451930481,3.7757986904073966,4.356792122038177,3.333451794445278,3.8441296533177565
FT4346,6.991945672817015,3.003229491509136,0.0,3.8198954494386315,0.0,3.959453906262285,0.0,0.0
FT4347,6.22639128682828,3.1394499597961154,4.677178971189394,3.5090067999841956,0.0,3.5777847825351348,3.3174611181725098,3.7423754662705795
FT4364,6.8399542923580245,3.225758819820169,4.83753337471207,4.175014226600538,3.582757343800654,3.964262745100007,4.004685300908898,4.375624144674537
FT4366,5.90882740327277,3.1343087670602063,0.0,0.0,0.0,0.0,0.0,0.0
FT4368,3.5117939140454664,5.949257304323977,0.0,4.846423676771049,4.173350517187781,0.0,4.202169727959714,3.3828373179581046
FT4377,6.321781765596255,0.0,4.407744096146403,3.529812459963211,0.0,0.0,0.0,3.0537893142485055
FT4384,6.029501275547699,0.0,4.538448731053987,0.0,0.0,3.6317496903730024,3.1739744968190866,3.321458859511406
FT4399,6.710663631906822,3.1845981870100317,5.009943842109361,4.216469081820958,3.6923236505100725,4.556531708257224,4.131920406358889,4.375833043937549
FT4415,8.116089233008934,5.65747007899226,5.716184095590344,5.81102075168571,4.626006235060064,5.936748419397735,0.0,0.0
FT4420,5.9019884995595016,0.0,4.11154783997262,0.0,0.0,0.0,0.0,3.3090245596023213
FT4457,6.108763144902642,0.0,0.0,3.413600496469966,0.0,3.0525306059492983,0.0,3.049470119096742
FT4466,6.562609674535045,0.0,0.0,4.147230869529275,4.184478703327404,3.8947002804258433,0.0,4.6441494429986285
FT4467,5.713669236009882,0.0,0.0,3.3328253279713635,0.0,0.0,0.0,3.225438861966598
FT4477,6.363017947293522,4.365580357052824,3.986576681618661,0.0,0.0,4.233130513325027,0.0,0.0
FT4501,6.756405136526006,0.0,0.0,0.0,0.0,0.0,0.0,4.840025479953299
FT4505,6.108324237646928,0.0,0.0,0.0,3.9429377516655424,0.0,0.0,3.875419289311781
FT4519,0.0,5.661833220207032,5.850195545795027,5.810597294624175,5.667841316950948,5.705086442924056,6.052556832627198,6.075692863707307
FT4535,6.544970516740084,0.0,3.8780608225037145,3.653008545656682,0.0,3.77434556102599,0.0,4.700920329793527
FT4537,5.473297932225152,0.0,0.0,0.0,0.0,0.0,0.0,0.0
FT4546,7.535871793754043,4.021902365138676,0.0,0.0,0.0,0.0,4.141475793037343,5.588914842467178
FT4585,6.067397458786661,3.160129639049943,4.4881687632873275,4.076740915853644,3.498854922547998,4.410905461460156,0.0,3.1302472279426676
FT4607,5.955864798357638,3.9283350619886686,3.593114420988899,0.0,3.923446928806328,5.785605026141466,0.0,0.0
FT4609,5.900942226396116,0.0,0.0,0.0,0.0,0.0,0.0,0.0
FT4611,5.572766741384708,0.0,0.0,0.0,0.0,0.0,0.0,3.7817259201879287
